game_id,game_date,inning,inning_topbot,pitcher_id,batter_id,pitch_type,release_speed,release_spin_rate,release_pos_x,release_pos_y,release_pos_z,pfx_x,pfx_z,plate_x,plate_z,zone,events,description,launch_speed,launch_angle,hit_distance_sc,effective_speed,spin_axis,stand,p_throws
748534,2023-11-01,9,Bot,622250,606466,CU,84.9,2515,-1.19,54.73,6.12,1.14,-0.9,-0.54,3.55,1,strikeout,called_strike,,,,83.8,26,L,R
748534,2023-11-01,9,Bot,622250,606466,FF,96.6,2442,-0.69,54.44,6.24,-0.35,1.45,0.87,1.76,14,,ball,,,,95.9,206,L,R
748534,2023-11-01,9,Bot,622250,606466,CU,84.5,2339,-1.27,54.72,6.11,1.06,-0.87,-0.58,3.32,1,,called_strike,,,,83.5,24,L,R
748534,2023-11-01,9,Bot,622250,606466,FF,95.4,2392,-0.8,54.39,6.23,-0.63,1.56,0.16,3.34,2,,foul,,,,94.7,204,L,R
748534,2023-11-01,9,Bot,622250,606466,FF,95.6,2289,-0.83,54.45,6.19,-0.14,1.67,0.42,1.6,14,,ball,,,,94.8,207,L,R
748534,2023-11-01,9,Bot,622250,682998,FF,95.6,2409,-0.66,54.6,6.25,-0.43,1.64,-0.17,3.64,11,field_out,hit_into_play,88.8,84.0,43.0,94.7,208,L,R
748534,2023-11-01,9,Bot,622250,682998,CU,83.9,2490,-1.2,54.49,6.1,1.1,-0.93,0.94,0.73,14,,ball,,,,82.9,28,L,R
748534,2023-11-01,9,Bot,622250,672695,CU,86.3,2542,-1.02,54.73,6.17,1.1,-0.9,0.06,1.28,14,strikeout,called_strike,,,,84.8,24,L,R
748534,2023-11-01,9,Bot,622250,672695,FF,96.3,2495,-0.83,54.61,6.32,-0.53,1.64,-0.11,1.79,8,,foul,79.1,31.0,247.0,95.4,204,L,R
748534,2023-11-01,9,Bot,622250,672695,CU,85.6,2475,-1.19,54.64,6.17,1.17,-1.08,-1.32,0.51,13,,ball,,,,84.4,20,L,R
748534,2023-11-01,9,Bot,622250,672695,CU,84.7,2484,-1.34,54.73,6.1,1.09,-1.05,-0.35,1.46,7,,called_strike,,,,83.3,24,L,R
748534,2023-11-01,9,Bot,622250,672695,FF,94.9,2447,-0.92,54.54,6.26,-0.63,1.54,-0.19,2.18,5,,called_strike,,,,93.8,209,L,R
748534,2023-11-01,9,Top,623149,694497,ST,84.5,2521,-3.72,54.2,4.55,0.21,0.99,-1.55,2.43,13,strikeout,foul_tip,,,,84.5,96,L,R
748534,2023-11-01,9,Top,623149,694497,FF,92.8,2536,-3.66,54.0,4.44,-0.68,1.24,0.78,3.81,3,,ball,,,,92.9,235,L,R
748534,2023-11-01,9,Top,623149,694497,FF,92.1,2507,-3.75,54.29,4.53,-0.57,1.13,-1.15,4.22,11,,ball,,,,91.9,238,L,R
748534,2023-11-01,9,Top,623149,694497,ST,85.2,2569,-3.69,54.1,4.5,0.07,0.87,0.02,1.87,8,,foul,64.2,63.0,147.0,85.1,102,L,R
748534,2023-11-01,9,Top,623149,694497,ST,85.0,2596,-3.64,53.99,4.52,1.17,0.63,0.47,1.33,14,,ball,,,,84.8,95,L,R
748534,2023-11-01,9,Top,623149,694497,FF,91.8,2530,-3.64,54.0,4.47,-0.81,1.23,-1.03,3.14,11,,called_strike,,,,92.1,236,L,R
748534,2023-11-01,9,Top,623149,608369,ST,85.5,2644,-3.55,54.21,4.56,1.12,0.51,-0.17,1.69,8,single,hit_into_play,65.3,-50.0,1.0,85.0,97,L,R
748534,2023-11-01,9,Top,623149,608369,ST,85.5,2575,-3.61,54.12,4.59,1.09,0.54,1.04,1.52,14,,swinging_strike,,,,84.8,100,L,R
748534,2023-11-01,9,Top,623149,543760,FF,92.5,2613,-3.6,54.14,4.46,-0.78,1.07,0.39,2.94,3,home_run,hit_into_play,99.3,25.0,406.0,92.4,231,R,R
748534,2023-11-01,9,Top,623149,543760,ST,85.8,2599,-3.64,54.25,4.56,0.57,0.86,0.25,2.06,8,,foul,64.9,58.0,162.0,85.4,96,R,R
748534,2023-11-01,9,Top,623149,608671,FF,91.7,2558,-3.65,54.1,4.44,-0.78,1.15,0.28,2.97,3,field_out,hit_into_play,83.4,-7.0,18.0,91.5,241,L,R
748534,2023-11-01,9,Top,623149,665750,FF,93.3,2613,-3.64,54.4,4.48,-0.83,1.31,-0.45,3.43,1,strikeout,foul_tip,,,,92.5,237,L,R
748534,2023-11-01,9,Top,623149,665750,ST,85.8,2627,-3.7,54.15,4.55,0.45,0.54,0.11,0.07,14,,blocked_ball,,,,85.6,85,L,R
748534,2023-11-01,9,Top,623149,665750,FF,92.0,2571,-3.65,54.19,4.42,-0.56,1.15,-0.12,2.76,5,,foul,76.6,57.0,206.0,92.0,234,L,R
748534,2023-11-01,9,Top,623149,665750,ST,85.1,2361,-3.57,54.2,4.62,0.53,1.08,-0.52,2.02,7,,called_strike,,,,85.2,140,L,R
748534,2023-11-01,9,Top,623149,641680,FF,92.9,2494,-3.69,54.13,4.48,-0.87,1.07,-0.73,2.6,4,single,hit_into_play,103.9,-1.0,47.0,92.5,238,L,R
748534,2023-11-01,9,Top,623149,663993,FF,93.0,2550,-3.64,53.99,4.38,-1.12,1.09,-0.24,2.13,8,single,hit_into_play,109.0,4.0,126.0,92.9,241,L,R
748534,2023-11-01,9,Top,623149,663993,FF,91.6,2500,-3.54,54.19,4.49,-0.62,1.14,0.35,1.62,14,,ball,,,,91.2,236,L,R
748534,2023-11-01,9,Top,623149,663993,ST,85.0,2325,-3.56,54.07,4.7,0.41,0.76,-1.26,1.66,13,,ball,,,,84.9,123,L,R
748534,2023-11-01,9,Top,623149,673962,FF,90.9,2392,-3.52,54.09,4.54,-0.89,0.9,-0.08,2.41,5,single,hit_into_play,108.3,9.0,184.0,90.7,238,R,R
748534,2023-11-01,8,Bot,622250,656976,CU,88.0,2463,-1.08,54.77,6.11,1.04,-0.92,-0.61,1.79,7,strikeout,called_strike,,,,86.9,24,L,R
748534,2023-11-01,8,Bot,622250,656976,FF,97.7,2486,-0.68,54.72,6.34,-0.51,1.55,-0.4,2.81,4,,foul,82.5,46.0,264.0,96.6,208,L,R
748534,2023-11-01,8,Bot,622250,656976,CU,88.5,2424,-1.28,54.62,6.11,0.73,-0.65,1.03,0.52,14,,blocked_ball,,,,87.7,16,L,R
748534,2023-11-01,8,Bot,622250,656976,FF,97.0,2470,-0.76,54.62,6.35,-0.45,1.6,-0.73,3.46,1,,foul,80.3,19.0,213.0,96.1,203,L,R
748534,2023-11-01,8,Bot,622250,656976,FF,96.8,2467,-0.82,54.49,6.31,-0.54,1.61,-0.81,1.93,7,,called_strike,,,,96.1,208,L,R
748534,2023-11-01,8,Bot,622250,656976,CU,87.2,2272,-1.29,54.54,6.1,0.97,-0.89,-0.18,0.82,13,,blocked_ball,,,,86.1,21,L,R
748534,2023-11-01,8,Bot,622250,677950,CU,87.8,2373,-1.27,54.65,6.1,0.95,-0.95,-0.45,1.92,7,single,hit_into_play,100.1,2.0,63.0,86.5,27,L,R
748534,2023-11-01,8,Bot,622250,677950,CU,86.6,2309,-1.2,54.55,6.09,0.84,-0.95,0.75,1.52,9,,foul_tip,,,,85.6,22,L,R
748534,2023-11-01,8,Bot,622250,666971,CU,85.6,2365,-1.16,54.57,6.25,0.89,-1.06,-0.56,2.3,7,field_out,hit_into_play,89.5,-17.0,7.0,84.6,17,R,R
748534,2023-11-01,8,Bot,622250,502054,FF,94.4,2308,-0.92,54.33,6.24,-0.41,1.65,-0.56,2.75,4,strikeout,swinging_strike,,,,94.0,206,R,R
748534,2023-11-01,8,Bot,622250,502054,FF,94.8,2330,-0.92,54.36,6.24,-0.37,1.56,0.14,1.98,8,,foul,69.6,44.0,199.0,94.0,203,R,R
748534,2023-11-01,8,Bot,622250,502054,FF,94.8,2377,-0.91,54.55,6.29,-0.42,1.59,-0.74,3.22,1,,called_strike,,,,93.9,203,R,R
748534,2023-11-01,8,Bot,622250,502054,FF,94.7,2352,-0.84,54.51,6.31,-0.43,1.61,0.61,4.42,12,,ball,,,,93.8,202,R,R
748534,2023-11-01,8,Bot,622250,502054,SL,86.0,2183,-1.39,54.64,6.18,0.28,0.22,-1.0,4.73,11,,ball,,,,85.7,146,R,R
748534,2023-11-01,8,Bot,622250,502054,SL,88.9,2231,-1.53,54.45,6.13,0.09,0.37,0.99,0.81,14,,ball,,,,88.5,227,R,R
748534,2023-11-01,8,Top,656464,641598,SI,95.2,2357,-2.14,53.38,6.33,-1.25,0.74,-0.73,3.1,1,field_out,hit_into_play,56.6,-3.0,24.0,96.8,213,R,R
748534,2023-11-01,8,Top,656464,641598,SL,89.7,2657,-2.07,53.61,6.39,0.25,-0.17,1.1,0.69,14,,blocked_ball,,,,90.2,53,R,R
748534,2023-11-01,8,Top,656464,641598,SI,95.8,2281,-2.26,53.49,6.29,-1.25,0.87,-0.29,2.77,4,,foul,69.4,48.0,224.0,97.0,215,R,R
748534,2023-11-01,8,Top,656464,641598,SI,95.5,2377,-2.06,53.42,6.35,-1.24,0.94,0.05,2.29,5,,called_strike,,,,96.7,213,R,R
748534,2023-11-01,8,Top,656464,641598,SL,88.5,2453,-2.12,53.45,6.41,0.17,-0.25,0.4,1.16,14,,ball,,,,89.8,78,R,R
748534,2023-11-01,8,Top,656464,694497,SL,88.8,2465,-2.32,53.87,6.47,0.23,-0.27,0.08,1.94,8,strikeout,swinging_strike,,,,89.3,61,L,R
748534,2023-11-01,8,Top,656464,694497,SI,95.6,2317,-2.2,53.4,6.24,-1.21,0.89,0.28,3.05,3,,called_strike,,,,96.9,218,L,R
748534,2023-11-01,8,Top,656464,694497,SI,95.2,2352,-2.22,53.65,6.18,-1.27,0.77,-0.29,2.44,4,,called_strike,,,,96.0,217,L,R
748534,2023-11-01,8,Top,656464,694497,FF,96.0,2514,-2.39,53.77,6.24,-0.56,1.18,-0.85,3.4,11,,ball,,,,96.6,223,L,R
748534,2023-11-01,8,Top,656464,694497,FF,96.0,2527,-2.37,53.66,6.23,-0.46,1.4,-0.24,1.32,13,,ball,,,,96.5,220,L,R
748534,2023-11-01,8,Top,656464,608369,SL,88.4,2486,-2.12,53.76,6.4,0.18,-0.47,-0.82,1.11,13,walk,ball,,,,89.1,52,L,R
748534,2023-11-01,8,Top,656464,608369,SL,87.8,2533,-2.29,53.71,6.4,0.27,-0.47,-0.42,0.85,13,,ball,,,,88.5,56,L,R
748534,2023-11-01,8,Top,656464,608369,FF,97.1,2559,-2.22,53.84,6.32,-0.76,1.36,0.21,3.77,12,,ball,,,,97.4,222,L,R
748534,2023-11-01,8,Top,656464,608369,FF,97.5,2572,-2.37,53.9,6.31,-0.69,1.13,-1.04,4.08,11,,ball,,,,97.9,218,L,R
748534,2023-11-01,8,Top,656464,608369,SL,88.9,2614,-2.22,53.82,6.36,0.37,-0.5,0.27,1.25,14,,foul,78.0,-34.0,2.0,89.3,55,L,R
748534,2023-11-01,8,Top,656464,608369,SL,88.7,2589,-2.3,53.83,6.43,0.32,-0.06,-1.06,2.4,13,,foul,69.7,41.0,188.0,89.4,93,L,R
748534,2023-11-01,8,Top,656464,543760,SI,94.9,2432,-2.29,53.27,6.28,-1.35,0.93,0.31,2.21,6,single,hit_into_play,93.3,6.0,127.0,96.4,220,R,R
748534,2023-11-01,8,Top,656464,543760,FF,95.6,2456,-2.37,53.66,6.27,-0.76,1.28,-0.61,2.19,4,,foul,77.6,15.0,171.0,96.7,225,R,R
748534,2023-11-01,8,Top,656464,543760,SL,88.0,2498,-2.23,53.8,6.39,0.37,0.14,0.98,1.09,14,,ball,,,,88.9,50,R,R
748534,2023-11-01,8,Top,656464,608671,FF,95.4,2495,-2.4,53.65,6.31,-0.82,1.28,-1.2,1.99,13,walk,ball,,,,96.4,222,L,R
748534,2023-11-01,8,Top,656464,608671,SL,87.8,2510,-2.33,53.92,6.41,0.42,0.11,0.48,1.08,14,,ball,,,,88.6,102,L,R
748534,2023-11-01,8,Top,656464,608671,FF,95.9,2594,-2.44,53.67,6.29,-0.77,1.36,-0.8,1.98,7,,called_strike,,,,96.9,224,L,R
748534,2023-11-01,8,Top,656464,608671,SL,87.3,2618,-2.37,53.58,6.37,0.4,-0.08,0.89,0.51,14,,ball,,,,88.2,71,L,R
748534,2023-11-01,8,Top,656464,608671,FF,96.1,2565,-2.44,53.7,6.29,-0.54,1.42,0.37,1.42,14,,ball,,,,96.9,218,L,R
748534,2023-11-01,8,Top,656464,665750,FF,95.2,2464,-2.47,53.74,6.31,-0.55,1.34,0.4,2.57,6,field_out,hit_into_play,23.5,-1.0,13.0,95.9,222,L,R
748534,2023-11-01,7,Bot,622250,572233,SL,90.0,2168,-1.55,54.45,6.07,0.23,0.32,0.51,2.11,9,field_out,hit_into_play,96.0,18.0,312.0,89.5,218,R,R
748534,2023-11-01,7,Bot,622250,572233,FF,97.5,2364,-0.65,54.62,6.35,-0.52,1.61,0.54,3.16,3,,foul,81.5,35.0,263.0,96.7,203,R,R
748534,2023-11-01,7,Bot,622250,572233,SL,90.9,2271,-1.32,54.34,6.16,0.11,0.14,1.62,-0.51,14,,blocked_ball,,,,90.5,215,R,R
748534,2023-11-01,7,Bot,622250,572233,SL,90.8,2264,-1.15,54.41,6.18,0.21,0.2,1.91,1.89,14,,ball,,,,90.5,199,R,R
748534,2023-11-01,7,Bot,547973,672515,SI,100.8,2158,0.38,53.57,6.25,1.05,0.97,-0.27,3.3,2,strikeout,swinging_strike,,,,102.2,163,R,L
748534,2023-11-01,7,Bot,547973,672515,SI,99.5,2332,0.11,53.36,6.23,0.95,1.37,0.21,1.59,8,,foul,83.9,40.0,258.0,100.7,163,R,L
748534,2023-11-01,7,Bot,547973,672515,FF,99.4,2311,0.36,53.34,6.16,0.3,1.36,0.43,3.06,3,,called_strike,,,,100.6,155,R,L
748534,2023-11-01,7,Bot,547973,672515,FF,100.0,2318,0.71,53.53,6.19,0.37,1.32,1.38,3.46,12,,ball,,,,100.9,158,R,L
748534,2023-11-01,7,Bot,547973,606466,FF,100.1,2380,0.29,53.34,6.15,0.13,1.46,-1.17,1.7,13,walk,ball,,,,101.2,158,R,L
748534,2023-11-01,7,Bot,547973,606466,FF,101.2,2405,0.35,53.52,6.2,0.4,1.28,0.97,4.11,12,,ball,,,,102.0,157,R,L
748534,2023-11-01,7,Bot,547973,606466,FF,100.2,2331,0.49,53.54,6.02,0.48,1.44,1.37,1.96,14,,ball,,,,101.1,146,R,L
748534,2023-11-01,7,Bot,547973,606466,FF,99.2,2291,0.45,53.59,6.19,0.47,1.23,1.53,3.13,12,,ball,,,,99.8,148,R,L
748534,2023-11-01,7,Bot,547973,682998,FF,99.0,2331,0.54,53.57,6.11,0.35,1.49,-1.1,2.26,13,field_out,hit_into_play,84.7,24.0,295.0,99.7,149,L,L
748534,2023-11-01,7,Bot,547973,682998,FF,99.7,2318,0.46,53.43,6.04,0.53,1.19,-0.36,1.49,7,,ball,,,,100.9,149,L,L
748534,2023-11-01,7,Top,656464,641680,FF,97.0,2468,-2.28,53.7,6.23,-0.64,1.4,0.36,2.89,6,field_out,hit_into_play,79.3,86.0,37.0,97.9,224,L,R
748534,2023-11-01,7,Top,656464,641680,FF,97.1,2528,-2.36,53.66,6.28,-0.63,1.5,0.9,2.44,14,,ball,,,,97.9,220,L,R
748534,2023-11-01,7,Top,656464,641680,FF,97.4,2550,-2.41,53.65,6.33,-0.55,1.44,-1.05,3.0,11,,ball,,,,98.5,222,L,R
748534,2023-11-01,7,Top,656464,663993,SL,86.7,2559,-2.26,53.85,6.38,0.59,-0.25,0.41,1.6,9,fielders_choice_out,hit_into_play,81.4,-31.0,3.0,87.2,73,L,R
748534,2023-11-01,7,Top,656464,663993,FF,96.4,2541,-2.32,53.46,6.26,-0.62,1.4,1.37,1.87,14,,ball,,,,97.2,224,L,R
748534,2023-11-01,7,Top,656464,663993,SL,87.0,2506,-2.3,54.09,6.46,0.51,-0.22,-0.5,2.5,4,,called_strike,,,,87.3,75,L,R
748534,2023-11-01,7,Top,656464,663993,FF,95.6,2488,-2.39,53.59,6.29,-0.57,1.18,0.59,3.73,12,,ball,,,,96.3,223,L,R
748534,2023-11-01,7,Top,668678,673962,FF,92.3,2092,-2.82,53.83,6.03,-0.03,1.43,-0.76,3.57,1,strikeout,swinging_strike,,,,92.6,199,R,R
748534,2023-11-01,7,Top,668678,673962,SL,88.4,2442,-3.05,53.79,5.79,0.55,0.29,0.13,1.79,8,,foul,79.8,-35.0,3.0,89.0,166,R,R
748534,2023-11-01,7,Top,668678,673962,SL,87.1,2301,-3.05,53.8,5.85,0.45,0.18,0.57,1.07,14,,swinging_strike,,,,87.8,123,R,R
748534,2023-11-01,7,Top,668678,641598,FF,93.7,2387,-2.64,53.75,5.92,-0.35,1.6,0.09,2.2,5,single,hit_into_play,107.0,-1.0,43.0,94.3,205,R,R
748534,2023-11-01,7,Top,668678,641598,KC,82.8,2293,-3.05,53.84,5.79,0.35,-0.62,-0.33,2.74,4,,foul,64.5,47.0,202.0,83.5,48,R,R
748534,2023-11-01,7,Top,668678,694497,KC,82.6,2279,-3.16,54.1,5.75,0.19,-0.72,-0.34,2.88,4,double,hit_into_play,94.1,14.0,263.0,82.8,46,L,R
748534,2023-11-01,7,Top,668678,694497,FF,94.2,2301,-3.01,53.84,5.94,-0.29,1.52,-1.56,2.63,13,,ball,,,,94.7,205,L,R
748534,2023-11-01,7,Top,668678,608369,KC,81.3,2395,-3.17,53.77,5.76,0.46,-0.93,-0.84,1.55,13,single,hit_into_play,67.2,0.0,30.0,82.0,35,L,R
748534,2023-11-01,7,Top,668678,608369,KC,81.5,2365,-3.18,53.78,5.77,0.22,-0.45,0.0,1.23,13,,foul,52.7,-3.0,16.0,82.3,36,L,R
748534,2023-11-01,7,Top,668678,608369,KC,82.3,2467,-3.05,53.83,5.81,0.29,-0.86,0.35,0.64,14,,swinging_strike,,,,82.9,42,L,R
748534,2023-11-01,7,Top,668678,608369,CH,85.9,1422,-3.33,53.75,5.65,-0.26,1.08,-1.25,2.64,11,,ball,,,,86.8,223,L,R
748534,2023-11-01,6,Bot,543135,672695,FC,91.5,2281,-2.6,54.03,5.44,0.25,0.74,-0.47,1.94,7,strikeout,called_strike,,,,92.2,200,L,R
748534,2023-11-01,6,Bot,543135,672695,CU,76.2,1928,-2.27,53.97,5.73,0.99,-0.37,-0.1,1.96,8,,called_strike,,,,76.6,44,L,R
748534,2023-11-01,6,Bot,543135,672695,FS,87.3,1498,-2.61,53.79,5.49,-0.86,0.11,-0.35,1.02,13,,ball,,,,88.0,240,L,R
748534,2023-11-01,6,Bot,543135,672695,FS,88.6,1638,-2.39,53.82,5.61,-0.92,0.24,0.18,1.3,14,,foul,90.7,-29.0,3.0,89.2,237,L,R
748534,2023-11-01,6,Bot,543135,446334,FS,85.6,1574,-2.38,53.79,5.64,-1.0,0.17,0.21,0.62,14,strikeout,swinging_strike_blocked,,,,86.3,241,R,R
748534,2023-11-01,6,Bot,543135,446334,FS,88.5,1634,-2.51,53.78,5.51,-1.08,0.13,-0.13,0.93,13,,swinging_strike,,,,89.3,236,R,R
748534,2023-11-01,6,Bot,543135,446334,FC,91.4,2271,-2.59,53.89,5.43,0.39,0.94,0.24,2.69,5,,foul,72.5,34.0,230.0,92.3,199,R,R
748534,2023-11-01,6,Bot,543135,677950,FF,96.1,2313,-2.53,53.9,5.38,-0.97,1.08,-0.09,3.3,2,field_out,hit_into_play,73.3,-68.0,1.0,96.0,229,L,R
748534,2023-11-01,6,Bot,543135,677950,FS,88.0,1492,-2.52,53.95,5.55,-1.13,0.15,-0.16,1.36,8,,foul,71.9,-40.0,2.0,88.6,242,L,R
748534,2023-11-01,6,Bot,543135,677950,CU,76.2,1702,-2.16,54.02,5.76,0.72,-0.2,0.96,1.82,14,,foul,91.9,0.0,44.0,76.6,37,L,R
748534,2023-11-01,6,Bot,543135,677950,FF,93.9,2154,-2.32,53.8,5.44,-1.17,0.98,-0.23,2.46,5,,foul,90.9,49.0,279.0,94.2,229,L,R
748534,2023-11-01,6,Bot,543135,677950,FS,88.6,1633,-2.4,53.81,5.48,-1.2,0.19,-0.19,1.36,8,,swinging_strike,,,,89.2,238,L,R
748534,2023-11-01,6,Top,668678,543760,FF,94.5,2441,-2.62,53.57,5.89,-0.26,1.64,-0.37,2.37,4,strikeout,swinging_strike,,,,95.3,203,R,R
748534,2023-11-01,6,Top,668678,543760,SL,87.7,2428,-3.13,53.58,5.8,0.33,0.2,-0.37,1.88,7,,foul,,,,89.1,159,R,R
748534,2023-11-01,6,Top,668678,543760,KC,82.4,2472,-2.95,53.81,5.74,0.14,-0.73,0.62,-0.6,14,,ball,,,,82.8,30,R,R
748534,2023-11-01,6,Top,668678,543760,CH,88.5,1504,-2.92,53.59,5.62,-1.11,0.26,-0.66,1.96,7,,foul,102.8,20.0,305.0,89.3,220,R,R
748534,2023-11-01,6,Top,668678,543760,FF,94.2,2394,-2.56,53.47,5.93,-0.04,1.58,0.96,2.77,12,,foul,78.6,15.0,172.0,95.3,202,R,R
748534,2023-11-01,6,Top,668678,543760,FF,94.3,2353,-2.72,53.59,5.98,-0.5,1.36,-0.64,1.73,7,,foul,81.5,-31.0,3.0,95.2,203,R,R
748534,2023-11-01,6,Top,668678,543760,FC,89.3,2520,-2.81,53.55,5.84,0.3,0.54,1.3,1.09,14,,ball,,,,90.3,155,R,R
748534,2023-11-01,6,Top,668678,608671,FF,92.7,2328,-2.8,53.85,5.97,-0.23,1.44,-0.02,2.54,5,field_out,hit_into_play,82.2,48.0,248.0,93.2,200,L,R
748534,2023-11-01,6,Top,668678,608671,FF,92.8,2351,-2.79,53.7,5.94,-0.6,1.39,-0.02,2.13,8,,called_strike,,,,93.4,205,L,R
748534,2023-11-01,6,Top,668678,608671,FF,92.1,2389,-2.93,53.79,5.97,-0.4,1.4,-1.15,3.31,11,,ball,,,,92.9,207,L,R
748534,2023-11-01,6,Top,668678,608671,KC,80.8,2387,-2.93,53.88,5.89,0.68,-0.2,0.99,1.88,14,,ball,,,,81.2,38,L,R
748534,2023-11-01,6,Top,668678,608671,FF,92.6,2362,-2.78,53.73,6.01,-0.35,1.51,-1.72,2.85,11,,ball,,,,93.4,200,L,R
748534,2023-11-01,6,Top,668678,665750,FF,92.6,2370,-2.82,53.79,6.01,-0.31,1.41,-0.32,2.34,7,field_out,hit_into_play,102.6,-19.0,7.0,93.3,201,L,R
748534,2023-11-01,5,Bot,543135,666971,CU,76.6,1674,-2.13,53.81,5.77,0.36,0.02,0.51,3.48,3,field_out,hit_into_play,62.9,-26.0,7.0,77.1,39,R,R
748534,2023-11-01,5,Bot,543135,502054,FS,89.6,1539,-2.28,53.63,5.51,-1.14,0.13,0.5,0.57,14,walk,blocked_ball,,,,90.7,236,R,R
748534,2023-11-01,5,Bot,543135,502054,FC,91.1,2292,-2.36,53.72,5.44,0.3,0.65,1.21,2.81,12,,ball,,,,92.2,201,R,R
748534,2023-11-01,5,Bot,543135,502054,FF,94.5,2074,-2.43,53.67,5.24,-0.99,0.94,0.1,0.6,14,,blocked_ball,,,,95.0,231,R,R
748534,2023-11-01,5,Bot,543135,502054,FF,96.2,2121,-2.37,53.75,5.32,-0.93,0.98,1.55,1.32,14,,ball,,,,96.2,230,R,R
748534,2023-11-01,5,Bot,543135,502054,CU,76.4,1826,-2.17,53.89,5.69,0.51,-0.56,0.21,2.59,5,,foul,76.4,-17.0,9.0,76.9,41,R,R
748534,2023-11-01,5,Bot,543135,572233,FC,91.0,2308,-2.37,53.72,5.38,0.09,0.68,0.82,2.59,6,single,hit_into_play,104.0,8.0,196.0,91.7,196,R,R
748534,2023-11-01,5,Bot,543135,672515,FF,95.3,2155,-2.37,53.99,5.25,-1.02,0.92,0.5,1.86,9,strikeout,called_strike,,,,94.8,234,R,R
748534,2023-11-01,5,Bot,543135,672515,FC,89.7,2375,-2.32,53.83,5.5,0.12,0.67,0.44,1.46,9,,called_strike,,,,90.3,195,R,R
748534,2023-11-01,5,Bot,543135,672515,FC,89.3,2309,-2.35,53.89,5.44,0.33,0.73,0.92,2.37,12,,ball,,,,89.9,190,R,R
748534,2023-11-01,5,Bot,543135,672515,FS,87.8,1539,-2.36,53.69,5.54,-1.05,0.11,0.54,1.88,9,,called_strike,,,,88.6,239,R,R
748534,2023-11-01,5,Bot,543135,606466,FS,87.7,1443,-2.28,53.73,5.56,-1.1,-0.01,0.75,0.86,14,walk,blocked_ball,,,,88.4,239,L,R
748534,2023-11-01,5,Bot,543135,606466,FF,95.4,2202,-2.49,53.84,5.38,-1.1,0.81,-0.62,2.34,4,,foul,88.9,32.0,304.0,95.9,231,L,R
748534,2023-11-01,5,Bot,543135,606466,FS,87.2,1566,-2.35,53.87,5.45,-1.11,0.02,0.71,1.66,14,,ball,,,,87.8,244,L,R
748534,2023-11-01,5,Bot,543135,606466,FF,95.1,2140,-2.53,53.93,5.39,-1.12,0.95,-1.25,2.54,13,,ball,,,,95.5,233,L,R
748534,2023-11-01,5,Bot,543135,606466,FS,86.2,1398,-2.46,53.79,5.5,-0.78,0.12,0.0,1.63,8,,swinging_strike,,,,86.9,245,L,R
748534,2023-11-01,5,Bot,543135,606466,FS,85.3,1409,-2.45,53.86,5.67,-0.88,0.25,-1.42,2.91,11,,ball,,,,86.1,242,L,R
748534,2023-11-01,5,Bot,543135,682998,FC,90.3,2278,-2.44,53.85,5.5,0.08,0.92,0.31,2.82,3,field_out,hit_into_play,95.1,53.0,244.0,91.0,200,L,R
748534,2023-11-01,5,Top,668678,641680,KC,82.5,2412,-3.01,53.73,5.75,0.31,-0.9,0.63,0.33,14,strikeout,swinging_strike_blocked,,,,82.7,36,L,R
748534,2023-11-01,5,Top,668678,641680,FF,94.4,2391,-2.86,53.69,5.96,-0.5,1.42,0.46,3.37,3,,foul,72.4,48.0,237.0,95.2,207,L,R
748534,2023-11-01,5,Top,668678,641680,FF,94.4,2251,-2.8,53.77,5.94,-0.33,1.4,-1.05,2.21,13,,foul,38.0,-63.0,1.0,95.0,202,L,R
748534,2023-11-01,5,Top,668678,641680,FF,93.4,2159,-2.74,53.79,5.99,-0.06,1.33,0.31,4.57,12,,ball,,,,94.1,201,L,R
748534,2023-11-01,5,Top,668678,641680,FF,93.2,2283,-2.84,53.83,5.99,-0.17,1.48,0.44,3.32,3,,foul,,,,93.5,203,L,R
748534,2023-11-01,5,Top,668678,641680,FF,93.3,2162,-2.67,53.69,5.94,-0.05,1.39,0.13,2.3,5,,called_strike,,,,94.0,199,L,R
748534,2023-11-01,5,Top,668678,663993,FF,94.7,2357,-2.6,53.58,5.89,-0.48,1.55,0.62,0.71,14,walk,blocked_ball,,,,95.4,201,L,R
748534,2023-11-01,5,Top,668678,663993,CH,86.4,1419,-3.08,53.56,5.67,-1.17,0.41,-0.47,0.93,13,,ball,,,,87.3,220,L,R
748534,2023-11-01,5,Top,668678,663993,FF,94.5,2386,-2.84,53.46,5.85,-0.47,1.39,-0.25,1.09,13,,ball,,,,95.6,206,L,R
748534,2023-11-01,5,Top,668678,663993,CH,88.4,1458,-2.96,53.81,5.7,-0.75,0.77,-0.35,1.83,7,,called_strike,,,,89.0,223,L,R
748534,2023-11-01,5,Top,668678,663993,FF,93.5,2299,-2.59,53.65,5.87,-0.46,1.32,1.52,1.36,14,,ball,,,,94.2,203,L,R
748534,2023-11-01,5,Top,668678,673962,CH,89.1,1436,-2.76,53.78,5.69,-0.67,0.67,-1.03,2.05,13,field_out,hit_into_play,99.0,29.0,391.0,90.0,224,R,R
748534,2023-11-01,5,Top,668678,673962,FF,94.6,2287,-2.53,53.82,6.0,-0.15,1.51,-0.48,2.9,4,,foul,74.8,34.0,244.0,95.2,200,R,R
748534,2023-11-01,5,Top,668678,673962,KC,82.9,2354,-2.84,53.77,5.8,0.1,-0.73,-0.06,1.44,13,,foul,66.5,-28.0,3.0,83.7,34,R,R
748534,2023-11-01,5,Top,668678,673962,CH,87.9,1498,-3.05,53.66,5.72,-1.23,0.45,-0.86,1.93,13,,swinging_strike,,,,88.9,225,R,R
748534,2023-11-01,5,Top,668678,673962,FF,94.2,2276,-2.46,53.73,6.01,-0.17,1.41,0.94,1.7,14,,ball,,,,94.8,202,R,R
748534,2023-11-01,5,Top,668678,641598,KC,82.6,2356,-2.86,53.87,5.81,0.34,-0.77,0.28,1.68,9,field_out,hit_into_play,96.5,36.0,368.0,83.1,33,R,R
748534,2023-11-01,5,Top,668678,641598,SL,86.7,2384,-2.82,53.6,5.78,0.66,0.01,0.27,2.0,8,,foul,67.7,44.0,218.0,87.7,117,R,R
748534,2023-11-01,5,Top,668678,641598,FF,93.6,2181,-2.62,53.67,5.93,-0.17,1.44,0.01,2.9,2,,foul,81.6,46.0,260.0,94.5,203,R,R
748534,2023-11-01,5,Top,668678,641598,FF,94.8,2353,-2.57,53.71,5.96,-0.37,1.5,-0.3,2.1,7,,foul,84.6,19.0,254.0,95.5,203,R,R
748534,2023-11-01,5,Top,668678,641598,KC,82.0,2425,-2.96,53.83,5.8,0.27,-0.89,-0.21,0.62,13,,ball,,,,82.3,36,R,R
748534,2023-11-01,5,Top,668678,641598,KC,82.4,2406,-2.92,53.77,5.81,0.38,-0.75,0.73,0.05,14,,swinging_strike,,,,82.9,38,R,R
748534,2023-11-01,5,Top,668678,641598,FC,87.9,2355,-2.81,53.82,5.82,0.45,0.64,1.12,1.1,14,,ball,,,,88.4,177,R,R
748534,2023-11-01,5,Top,668678,641598,FF,92.8,2375,-2.72,53.77,6.01,0.12,1.61,-0.22,2.49,5,,called_strike,,,,93.1,205,R,R
748534,2023-11-01,4,Bot,543135,672695,FF,94.3,2086,-2.38,53.81,5.41,-0.85,1.01,-0.64,2.52,4,strikeout,called_strike,,,,94.7,229,L,R
748534,2023-11-01,4,Bot,543135,672695,CU,74.6,1681,-2.17,53.99,5.78,0.72,0.03,-1.15,3.96,11,,ball,,,,75.1,50,L,R
748534,2023-11-01,4,Bot,543135,672695,FF,94.6,2194,-2.48,53.79,5.39,-0.94,0.94,-0.75,2.87,1,,foul,78.0,7.0,67.0,95.3,229,L,R
748534,2023-11-01,4,Bot,543135,672695,CU,76.2,2009,-2.2,53.96,5.67,0.59,-0.82,0.58,1.27,14,,ball,,,,76.4,39,L,R
748534,2023-11-01,4,Bot,543135,672695,FS,87.4,1483,-2.44,53.88,5.58,-1.15,0.08,-1.4,2.0,13,,ball,,,,88.0,237,L,R
748534,2023-11-01,4,Bot,543135,672695,FS,88.7,1322,-2.45,53.87,5.59,-1.12,0.07,0.05,1.49,8,,called_strike,,,,89.3,238,L,R
748534,2023-11-01,4,Bot,543135,446334,FC,91.7,2437,-2.47,53.78,5.44,0.16,0.86,0.54,1.43,14,double,hit_into_play,66.1,43.0,192.0,92.4,197,R,R
748534,2023-11-01,4,Bot,543135,446334,FF,95.6,2197,-2.43,53.79,5.33,-1.05,1.13,0.97,1.78,14,,ball,,,,95.9,232,R,R
748534,2023-11-01,4,Bot,543135,446334,FC,92.3,2314,-2.42,53.76,5.44,0.24,0.96,0.82,1.46,14,,ball,,,,93.0,197,R,R
748534,2023-11-01,4,Bot,543135,677950,FS,88.1,1620,-2.41,53.92,5.59,-0.93,0.2,-0.38,1.28,13,field_out,hit_into_play,104.0,-10.0,7.0,88.7,237,L,R
748534,2023-11-01,4,Bot,543135,677950,FC,92.4,2353,-2.42,53.78,5.36,0.21,0.77,0.81,2.67,6,,foul,49.0,-38.0,4.0,92.9,197,L,R
748534,2023-11-01,4,Bot,543135,677950,CU,77.5,1933,-2.21,53.76,5.69,0.95,-0.5,1.12,0.37,14,,ball,,,,78.1,38,L,R
748534,2023-11-01,4,Bot,543135,677950,FF,95.6,2179,-2.4,53.8,5.38,-1.26,0.99,-0.04,3.2,2,,foul,76.6,59.0,198.0,96.1,231,L,R
748534,2023-11-01,4,Bot,543135,677950,FF,94.7,2151,-2.41,53.74,5.4,-1.14,1.0,0.26,3.04,2,,called_strike,,,,95.3,230,L,R
748534,2023-11-01,4,Bot,543135,666971,CU,77.6,1612,-2.26,53.93,5.66,0.64,-0.42,-0.96,2.59,13,field_out,hit_into_play,77.8,49.0,235.0,78.0,45,R,R
748534,2023-11-01,4,Bot,543135,666971,FF,95.4,2141,-2.48,53.77,5.16,-1.18,0.83,-0.15,1.55,13,,foul,69.1,-35.0,2.0,95.6,238,R,R
748534,2023-11-01,4,Bot,543135,666971,FC,90.3,2305,-2.42,53.81,5.44,0.23,0.6,0.48,1.66,9,,called_strike,,,,90.9,194,R,R
748534,2023-11-01,4,Bot,543135,666971,CU,76.7,1945,-2.23,53.87,5.59,0.63,-0.79,1.02,2.11,14,,ball,,,,76.8,40,R,R
748534,2023-11-01,4,Bot,543135,666971,FC,91.2,2312,-2.44,53.66,5.39,0.28,0.88,0.98,1.95,14,,ball,,,,92.2,199,R,R
748534,2023-11-01,4,Top,668678,694497,KC,82.6,2404,-3.03,53.78,5.78,0.13,-0.75,0.5,1.27,14,strikeout,swinging_strike,,,,83.1,30,L,R
748534,2023-11-01,4,Top,668678,694497,FF,94.5,2260,-2.79,53.65,5.89,-0.34,1.42,-1.09,1.13,13,,ball,,,,95.4,207,L,R
748534,2023-11-01,4,Top,668678,694497,FF,93.1,2267,-2.89,53.89,5.94,-0.22,1.38,-0.72,1.63,7,,called_strike,,,,93.7,205,L,R
748534,2023-11-01,4,Top,668678,694497,KC,82.8,2404,-2.76,53.79,5.83,0.04,-0.68,0.09,1.02,14,,ball,,,,83.5,42,L,R
748534,2023-11-01,4,Top,668678,694497,FF,92.5,2247,-2.73,53.7,5.97,-0.33,1.35,-0.68,1.62,7,,called_strike,,,,93.6,205,L,R
748534,2023-11-01,4,Top,668678,694497,FF,93.6,2186,-2.76,53.87,5.96,-0.33,1.48,-1.83,1.96,13,,ball,,,,94.3,205,L,R
748534,2023-11-01,4,Top,668678,608369,CH,87.3,1511,-3.09,53.69,5.71,-1.23,0.4,-0.91,1.49,13,field_out,hit_into_play,73.4,-14.0,6.0,88.0,228,L,R
748534,2023-11-01,4,Top,668678,543760,KC,82.5,2256,-3.0,53.82,5.92,0.16,-0.46,0.37,2.18,6,field_out,hit_into_play,102.3,7.0,135.0,83.3,35,R,R
748534,2023-11-01,3,Bot,543135,502054,FS,90.1,1446,-2.36,53.77,5.51,-0.92,0.16,0.12,2.45,5,field_out,hit_into_play,114.4,1.0,65.0,91.1,237,R,R
748534,2023-11-01,3,Bot,543135,572233,FF,96.2,2188,-2.46,53.74,5.19,-1.1,1.06,0.49,2.49,6,strikeout,swinging_strike,,,,96.8,237,R,R
748534,2023-11-01,3,Bot,543135,572233,FS,87.8,1583,-2.45,53.77,5.49,-1.2,0.2,-0.96,1.68,13,,foul,92.4,-13.0,8.0,88.6,238,R,R
748534,2023-11-01,3,Bot,543135,572233,FC,90.2,2192,-2.46,53.74,5.36,0.38,0.6,0.42,3.27,3,,foul,77.4,59.0,225.0,91.3,193,R,R
748534,2023-11-01,3,Bot,543135,572233,FF,94.9,2194,-2.47,53.79,5.17,-1.23,0.89,-0.13,1.61,8,,foul,95.5,-43.0,2.0,95.2,236,R,R
748534,2023-11-01,3,Bot,543135,572233,FS,89.3,1639,-2.39,53.82,5.44,-1.27,0.31,0.22,-0.6,14,,blocked_ball,,,,89.4,240,R,R
748534,2023-11-01,3,Bot,543135,572233,CU,76.9,1922,-2.31,53.88,5.6,0.67,-0.34,1.02,2.08,14,,ball,,,,77.4,41,R,R
748534,2023-11-01,3,Bot,543135,672515,FC,89.1,2173,-2.45,53.75,5.6,0.29,0.9,0.49,2.16,6,sac_bunt,hit_into_play,26.1,-44.0,2.0,89.9,193,R,R
748534,2023-11-01,3,Bot,543135,606466,FF,94.4,2084,-2.45,53.82,5.36,-0.86,1.29,-1.02,3.34,11,walk,ball,,,,95.0,227,L,R
748534,2023-11-01,3,Bot,543135,606466,FC,91.1,2288,-2.33,53.75,5.42,0.2,0.9,1.14,0.71,14,,blocked_ball,,,,92.0,201,L,R
748534,2023-11-01,3,Bot,543135,606466,FF,94.3,2175,-2.38,53.76,5.29,-0.89,1.18,0.64,0.92,14,,ball,,,,95.0,231,L,R
748534,2023-11-01,3,Bot,543135,606466,FS,86.8,1537,-2.37,53.94,5.51,-0.96,0.3,0.23,0.69,14,,blocked_ball,,,,87.2,242,L,R
748534,2023-11-01,3,Bot,543135,682998,FF,94.9,2146,-2.55,53.89,5.28,-1.13,0.96,-0.61,2.21,4,single,hit_into_play,109.4,-11.0,11.0,95.0,236,L,R
748534,2023-11-01,3,Top,668678,608671,FF,93.5,2230,-2.83,53.77,5.93,-0.34,1.4,-0.67,2.61,4,field_out,hit_into_play,80.3,-6.0,18.0,94.3,205,L,R
748534,2023-11-01,3,Top,668678,665750,KC,81.9,2336,-2.89,53.73,5.75,0.33,-0.86,0.68,2.22,9,field_out,hit_into_play,95.5,26.0,373.0,82.8,35,L,R
748534,2023-11-01,3,Top,668678,665750,KC,82.5,2425,-3.17,54.06,5.81,0.23,-0.71,-0.37,1.69,13,,foul,54.8,-43.0,2.0,82.7,51,L,R
748534,2023-11-01,3,Top,668678,665750,FF,93.6,2404,-2.69,53.64,5.91,-0.15,1.56,-0.86,2.21,13,,ball,,,,94.5,203,L,R
748534,2023-11-01,3,Top,668678,665750,KC,82.8,2415,-2.99,53.95,5.81,0.1,-0.75,-0.11,1.71,8,,called_strike,,,,83.1,37,L,R
748534,2023-11-01,3,Top,668678,665750,FF,93.1,2444,-2.74,53.79,5.93,-0.09,1.38,-0.46,1.42,13,,ball,,,,93.8,205,L,R
748534,2023-11-01,3,Top,668678,641680,FF,93.5,2288,-2.77,53.77,5.96,-0.16,1.47,-0.1,1.74,8,field_out,hit_into_play,103.9,5.0,105.0,93.7,206,L,R
748534,2023-11-01,2,Bot,543135,672695,CU,76.7,1680,-2.18,53.87,5.62,0.64,-0.07,0.04,2.35,5,field_out,hit_into_play,70.0,40.0,235.0,77.3,46,L,R
748534,2023-11-01,2,Bot,543135,672695,FF,94.9,2014,-2.39,53.94,5.32,-0.98,1.11,0.59,3.54,3,,ball,,,,95.1,232,L,R
748534,2023-11-01,2,Bot,543135,672695,FS,88.2,1657,-2.29,53.66,5.53,-1.14,-0.31,-0.13,1.42,13,,foul,,,,89.0,235,L,R
748534,2023-11-01,2,Bot,543135,672695,FS,86.6,1485,-2.35,53.74,5.45,-1.04,-0.17,-0.81,1.37,13,,ball,,,,87.5,237,L,R
748534,2023-11-01,2,Bot,543135,672695,FF,95.1,2141,-2.5,54.04,5.42,-0.94,0.79,-1.6,4.5,11,,ball,,,,95.5,230,L,R
748534,2023-11-01,2,Bot,543135,672695,FS,86.7,1506,-2.34,53.87,5.52,-1.02,0.13,-0.63,1.48,7,,swinging_strike,,,,87.4,238,L,R
748534,2023-11-01,2,Bot,543135,672695,CU,75.9,1907,-2.28,53.89,5.77,0.73,-0.47,-0.59,2.77,4,,called_strike,,,,76.5,41,L,R
748534,2023-11-01,2,Bot,543135,446334,CU,77.2,1896,-2.25,53.97,5.65,0.37,-0.45,0.6,2.12,9,field_out,hit_into_play,99.0,18.0,269.0,77.4,45,R,R
748534,2023-11-01,2,Bot,543135,677950,FS,88.0,1657,-2.41,53.98,5.46,-1.2,0.14,-0.9,1.13,13,field_out,hit_into_play,83.9,-26.0,2.0,88.1,236,L,R
748534,2023-11-01,2,Bot,543135,677950,FF,94.5,2197,-2.3,53.78,5.39,-1.05,0.89,0.9,3.2,12,,ball,,,,94.9,228,L,R
748534,2023-11-01,2,Bot,543135,677950,FS,87.4,1567,-2.47,53.82,5.51,-1.09,0.4,-0.1,1.37,8,,foul,,,,88.0,240,L,R
748534,2023-11-01,2,Bot,543135,677950,FS,88.7,1495,-2.42,53.74,5.44,-1.0,0.23,0.06,0.9,14,,foul,64.0,-20.0,3.0,89.2,240,L,R
748534,2023-11-01,2,Bot,543135,666971,FF,95.7,2086,-2.41,53.9,5.26,-1.15,1.03,0.49,3.34,3,single,hit_into_play,100.8,-11.0,16.0,96.1,236,R,R
748534,2023-11-01,2,Bot,543135,666971,FC,91.5,2343,-2.48,53.75,5.37,0.15,0.71,0.85,1.73,14,,foul_tip,,,,92.3,197,R,R
748534,2023-11-01,2,Bot,543135,666971,FF,95.7,2165,-2.53,53.75,5.29,-1.06,1.08,0.6,2.15,9,,called_strike,,,,96.4,235,R,R
748534,2023-11-01,2,Top,668678,663993,FF,95.0,2346,-2.49,53.66,5.91,-0.38,1.4,0.92,1.82,14,field_out,hit_into_play,68.8,-39.0,2.0,95.9,204,L,R
748534,2023-11-01,2,Top,668678,673962,SL,89.1,2385,-2.77,53.63,5.86,0.5,0.43,0.28,2.46,6,field_out,hit_into_play,93.5,8.0,130.0,90.3,161,R,R
748534,2023-11-01,2,Top,668678,673962,FF,95.6,2445,-2.48,53.66,6.0,-0.12,1.62,0.91,2.6,14,,ball,,,,96.0,202,R,R
748534,2023-11-01,2,Top,668678,641598,KC,82.0,2406,-2.91,53.98,5.81,0.32,-0.84,0.54,0.54,14,strikeout,swinging_strike_blocked,,,,82.1,36,R,R
748534,2023-11-01,2,Top,668678,641598,FF,94.9,2380,-2.55,53.67,5.97,-0.35,1.43,0.81,1.9,9,,called_strike,,,,95.3,204,R,R
748534,2023-11-01,2,Top,668678,641598,KC,82.5,2337,-2.94,54.0,5.82,0.38,-0.62,0.25,1.86,8,,called_strike,,,,83.1,44,R,R
748534,2023-11-01,2,Top,668678,641598,FF,94.1,2286,-2.56,53.74,5.96,-0.32,1.33,0.75,1.54,14,,ball,,,,94.4,205,R,R
748534,2023-11-01,1,Bot,543135,502054,FF,96.0,2197,-2.47,53.79,5.23,-0.9,1.03,-0.7,2.3,4,force_out,hit_into_play,89.3,1.0,48.0,96.7,229,R,R
748534,2023-11-01,1,Bot,543135,502054,FF,95.7,2007,-2.36,53.64,5.26,-0.95,0.95,-0.35,2.47,4,,foul,74.7,43.0,222.0,96.5,230,R,R
748534,2023-11-01,1,Bot,543135,572233,FF,95.6,2107,-2.48,53.78,5.31,-1.02,1.06,-0.49,4.18,11,walk,ball,,,,96.0,233,R,R
748534,2023-11-01,1,Bot,543135,572233,FC,90.1,2204,-2.29,53.76,5.56,0.36,0.51,0.9,1.91,14,,ball,,,,91.1,173,R,R
748534,2023-11-01,1,Bot,543135,572233,FF,96.6,2221,-2.4,53.71,5.28,-1.13,0.99,0.63,2.74,6,,foul,87.5,28.0,289.0,97.0,232,R,R
748534,2023-11-01,1,Bot,543135,572233,FS,86.8,1562,-2.45,53.84,5.51,-1.17,-0.15,-1.56,2.46,13,,ball,,,,87.5,239,R,R
748534,2023-11-01,1,Bot,543135,572233,FF,96.6,2198,-2.34,53.78,5.35,-1.1,0.94,0.13,3.38,2,,foul,73.9,66.0,151.0,97.2,233,R,R
748534,2023-11-01,1,Bot,543135,572233,FF,96.4,2284,-2.4,53.84,5.32,-0.99,0.96,0.51,3.53,3,,swinging_strike,,,,96.9,229,R,R
748534,2023-11-01,1,Bot,543135,572233,FC,92.3,2326,-2.51,53.65,5.36,0.26,0.59,0.73,2.6,6,,foul,72.0,25.0,201.0,93.2,193,R,R
748534,2023-11-01,1,Bot,543135,572233,CU,78.7,1903,-2.12,53.76,5.7,0.58,-0.53,2.1,1.31,14,,ball,,,,79.1,42,R,R
748534,2023-11-01,1,Bot,543135,672515,FC,91.8,2322,-2.47,53.74,5.35,0.46,0.64,0.81,2.06,9,field_out,hit_into_play,88.7,-7.0,15.0,92.8,188,R,R
748534,2023-11-01,1,Bot,543135,672515,FS,88.7,1611,-2.39,53.68,5.47,-1.13,0.03,-0.46,1.05,13,,ball,,,,89.6,238,R,R
748534,2023-11-01,1,Bot,543135,672515,FC,91.9,2323,-2.46,53.66,5.42,0.4,0.74,0.68,2.02,9,,called_strike,,,,93.1,195,R,R
748534,2023-11-01,1,Bot,543135,606466,FS,87.2,1502,-2.5,53.77,5.64,-1.0,0.14,-0.64,1.11,13,field_out,hit_into_play,89.1,-16.0,4.0,88.1,243,L,R
748534,2023-11-01,1,Bot,543135,606466,FS,86.5,1516,-2.45,53.84,5.5,-0.99,-0.11,-0.75,2.27,7,,foul_bunt,,,3.0,87.4,243,L,R
748534,2023-11-01,1,Bot,543135,606466,FF,95.7,2152,-2.54,53.87,5.31,-1.14,0.84,-0.7,2.74,4,,called_strike,,,,96.1,229,L,R
748534,2023-11-01,1,Bot,543135,682998,FF,96.0,2185,-2.56,53.92,5.32,-1.03,0.88,-1.34,3.03,11,walk,ball,,,,96.4,230,L,R
748534,2023-11-01,1,Bot,543135,682998,FC,90.8,2370,-2.56,53.85,5.51,0.2,0.65,-1.02,3.3,11,,ball,,,,91.7,183,L,R
748534,2023-11-01,1,Bot,543135,682998,FF,95.8,2231,-2.43,53.87,5.46,-1.01,1.0,0.1,3.87,12,,ball,,,,96.3,229,L,R
748534,2023-11-01,1,Bot,543135,682998,CU,74.9,1873,-2.23,53.88,5.75,0.61,-0.5,0.32,1.59,9,,ball,,,,75.4,44,L,R
748534,2023-11-01,1,Top,668678,694497,KC,83.6,2330,-2.93,53.75,5.73,0.25,-0.71,0.48,0.93,14,strikeout,swinging_strike_blocked,,,,84.4,34,L,R
748534,2023-11-01,1,Top,668678,694497,KC,83.7,2289,-2.98,53.98,5.74,0.0,-0.49,-0.95,2.18,13,,foul,,,,84.2,53,L,R
748534,2023-11-01,1,Top,668678,694497,FF,95.0,2345,-2.62,53.75,5.94,-0.11,1.45,0.42,3.97,12,,ball,,,,95.7,203,L,R
748534,2023-11-01,1,Top,668678,694497,KC,83.5,2289,-3.08,54.01,5.79,0.05,-0.53,-0.75,2.44,4,,called_strike,,,,84.1,46,L,R
748534,2023-11-01,1,Top,668678,608369,CH,88.5,1560,-3.04,53.85,5.65,-0.83,0.29,-0.95,1.66,13,field_out,hit_into_play,95.9,5.0,99.0,89.2,228,L,R
748534,2023-11-01,1,Top,668678,608369,KC,83.3,2472,-2.92,53.97,5.75,0.18,-0.81,0.53,2.04,9,,foul,83.8,10.0,130.0,83.8,47,L,R
748534,2023-11-01,1,Top,668678,608369,FF,94.9,2342,-2.72,53.61,5.91,-0.16,1.61,-0.55,1.89,7,,called_strike,,,,95.8,204,L,R
748534,2023-11-01,1,Top,668678,608369,KC,83.1,2463,-2.99,53.94,5.77,0.34,-0.75,-0.64,2.64,4,,called_strike,,,,83.7,46,L,R
748534,2023-11-01,1,Top,668678,608369,CH,88.9,1539,-2.95,53.76,5.67,-0.99,0.61,-1.76,1.99,13,,ball,,,,89.8,229,L,R
748534,2023-11-01,1,Top,668678,543760,FF,95.0,2371,-2.69,53.73,6.04,-0.05,1.55,0.14,3.06,2,field_out,hit_into_play,95.7,47.0,302.0,95.6,201,R,R
748534,2023-11-01,1,Top,668678,543760,FF,95.0,2405,-2.65,53.48,5.9,-0.37,1.53,0.63,2.33,6,,foul,73.3,43.0,241.0,95.7,203,R,R
748534,2023-11-01,1,Top,668678,543760,FF,95.5,2421,-2.57,53.6,5.98,-0.53,1.41,0.51,1.19,14,,ball,,,,95.9,204,R,R
748534,2023-11-01,1,Top,668678,543760,FF,94.4,2262,-2.59,53.66,5.99,-0.17,1.43,1.32,2.63,12,,ball,,,,95.1,199,R,R
