hitter_archetype,pitcher_archetype,total_pitches,zone_distribution
Contact Hitter,Average Spin,22410,"{""14.0"": 0.18265410882471098, ""13.0"": 0.1358300227648083, ""11.0"": 0.12476007677543186, ""12.0"": 0.09637102173816006, ""5.0"": 0.06427710574476632, ""8.0"": 0.059634870329866536, ""4.0"": 0.05476945052001964, ""9.0"": 0.05423380797214659, ""6.0"": 0.05182341650671785, ""7.0"": 0.04758291300272285, ""2.0"": 0.04749363924474401, ""1.0"": 0.04289604070883364, ""3.0"": 0.03767352586707137}"
Contact Hitter,High Spin,6418,"{""14.0"": 0.28653786226238703, ""13.0"": 0.11483328139607354, ""11.0"": 0.09192894982860704, ""12.0"": 0.0816453723901527, ""5.0"": 0.062013088189467123, ""9.0"": 0.059052664381427235, ""6.0"": 0.05858522904331567, ""8.0"": 0.051417887192271736, ""4.0"": 0.045808663134933, ""2.0"": 0.04471798067933936, ""7.0"": 0.03599252103459021, ""3.0"": 0.03536927391710813, ""1.0"": 0.03209722655032721}"
Power Hitter,Average Spin,1708,"{""5.0"": 0.20843091334894615, ""8.0"": 0.12704918032786885, ""4.0"": 0.11592505854800937, ""6.0"": 0.10714285714285714, ""2.0"": 0.08021077283372366, ""7.0"": 0.07552693208430913, ""9.0"": 0.0661592505854801, ""1.0"": 0.04918032786885246, ""13.0"": 0.04449648711943794, ""14.0"": 0.04274004683840749, ""3.0"": 0.04215456674473068, ""11.0"": 0.024004683840749413, ""12.0"": 0.016978922716627636}"
Power Hitter,High Spin,373,"{""5.0"": 0.18498659517426275, ""8.0"": 0.16353887399463807, ""6.0"": 0.12332439678284182, ""4.0"": 0.12064343163538874, ""9.0"": 0.08310991957104558, ""7.0"": 0.07506702412868632, ""2.0"": 0.06166219839142091, ""14.0"": 0.040214477211796246, ""1.0"": 0.040214477211796246, ""13.0"": 0.03485254691689008, ""3.0"": 0.03485254691689008, ""12.0"": 0.021447721179624665, ""11.0"": 0.0160857908847185}"
Contact Hitter,Average Spin,34918,"{""14.0"": 0.16421402622991196, ""13.0"": 0.13182685795209653, ""11.0"": 0.12991810849085647, ""12.0"": 0.09081953081706791, ""5.0"": 0.06988485930669294, ""4.0"": 0.06040268456375839, ""6.0"": 0.05898651560864479, ""8.0"": 0.05880179791884736, ""2.0"": 0.05258296902900068, ""9.0"": 0.050181639061634135, ""7.0"": 0.0471030108983437, ""1.0"": 0.045871559633027525, ""3.0"": 0.0394064404901176}"
Contact Hitter,High Spin,2455,"{""14.0"": 0.25580448065173117, ""13.0"": 0.12627291242362526, ""11.0"": 0.08513238289205703, ""5.0"": 0.07454175152749491, ""9.0"": 0.06965376782077393, ""12.0"": 0.06476578411405295, ""8.0"": 0.06313645621181263, ""6.0"": 0.059470468431771895, ""4.0"": 0.05784114052953157, ""7.0"": 0.04114052953156823, ""2.0"": 0.039103869653767824, ""1.0"": 0.0329938900203666, ""3.0"": 0.03014256619144603}"
Power Hitter,Average Spin,1465,"{""5.0"": 0.19863481228668942, ""8.0"": 0.13583617747440274, ""6.0"": 0.11331058020477816, ""4.0"": 0.10921501706484642, ""7.0"": 0.0901023890784983, ""2.0"": 0.08532423208191127, ""9.0"": 0.07303754266211604, ""3.0"": 0.04709897610921502, ""1.0"": 0.04641638225255973, ""13.0"": 0.03549488054607509, ""14.0"": 0.026621160409556314, ""11.0"": 0.020477815699658702, ""12.0"": 0.018430034129692834}"
Power Hitter,High Spin,174,"{""8.0"": 0.16091954022988506, ""5.0"": 0.14367816091954022, ""4.0"": 0.12643678160919541, ""6.0"": 0.12643678160919541, ""9.0"": 0.10919540229885058, ""7.0"": 0.09770114942528736, ""14.0"": 0.07471264367816093, ""1.0"": 0.04597701149425287, ""11.0"": 0.040229885057471264, ""3.0"": 0.028735632183908046, ""2.0"": 0.022988505747126436, ""13.0"": 0.017241379310344827, ""12.0"": 0.005747126436781609}"
Contact Hitter,Average Spin,7851,"{""14"": 0.16838619284167622, ""13"": 0.14622341103044198, ""11"": 0.1184562476117692, ""12"": 0.10992230289135142, ""5"": 0.06088396382626417, ""4"": 0.05935549611514457, ""6"": 0.058718634568844734, ""2"": 0.05107629601324672, ""9"": 0.04980257292064705, ""8"": 0.04967520061138708, ""7"": 0.04674563749840785, ""3"": 0.0403770220354095, ""1"": 0.0403770220354095}"
Contact Hitter,High Spin,3518,"{""14"": 0.25838544627629334, ""13"": 0.1617396247868107, ""11"": 0.08413871517907902, ""12"": 0.06424104604889141, ""5"": 0.06196702671972712, ""8"": 0.061398521887436046, ""9"": 0.057703240477544056, ""6"": 0.0488914155770324, ""4"": 0.04690164866401365, ""2"": 0.04377487208641274, ""7"": 0.041500852757248435, ""1"": 0.03695281409891984, ""3"": 0.03240477544059125}"
Power Hitter,Average Spin,752,"{""5"": 0.2047872340425532, ""6"": 0.13430851063829788, ""8"": 0.11835106382978723, ""4"": 0.11569148936170212, ""2"": 0.09042553191489362, ""9"": 0.07579787234042554, ""7"": 0.06515957446808511, ""1"": 0.04521276595744681, ""3"": 0.0425531914893617, ""13"": 0.031914893617021274, ""11"": 0.030585106382978722, ""14"": 0.027925531914893616, ""12"": 0.017287234042553192}"
Power Hitter,High Spin,266,"{""5"": 0.17669172932330826, ""8"": 0.15413533834586465, ""4"": 0.13909774436090225, ""6"": 0.10902255639097744, ""7"": 0.08270676691729323, ""2"": 0.07518796992481203, ""9"": 0.05263157894736842, ""13"": 0.04887218045112782, ""1"": 0.045112781954887216, ""14"": 0.03759398496240601, ""3"": 0.03383458646616541, ""11"": 0.02631578947368421, ""12"": 0.018796992481203006}"
Contact Hitter,Average Spin,83203,"{""14.0"": 0.17917978630052134, ""13.0"": 0.1346719661384401, ""11.0"": 0.1284777783513137, ""12.0"": 0.09546791926908584, ""5.0"": 0.06338718835492696, ""6.0"": 0.056238063283951895, ""4.0"": 0.05574769008413772, ""8.0"": 0.0556057399473494, ""2.0"": 0.051618231559386774, ""9.0"": 0.05022453930728333, ""7.0"": 0.04661126309812626, ""1.0"": 0.043178650699427036, ""3.0"": 0.03959118360604966}"
Contact Hitter,High Spin,15218,"{""14.0"": 0.30010513865159677, ""13.0"": 0.13536601393087133, ""11.0"": 0.07872256538309896, ""9.0"": 0.06945722171113156, ""5.0"": 0.06065185963990012, ""12.0"": 0.060389013010908134, ""8.0"": 0.058943356551452226, ""6.0"": 0.052569325798396634, ""4.0"": 0.04783808647654094, ""7.0"": 0.04185832566697332, ""2.0"": 0.03798133788934157, ""1.0"": 0.02917597581811013, ""3.0"": 0.026941779471678275}"
Power Hitter,Average Spin,6836,"{""5.0"": 0.1963136337039204, ""8.0"": 0.12785254534815682, ""4.0"": 0.12068461088355764, ""6.0"": 0.10795787009947337, ""2.0"": 0.08425980105324751, ""7.0"": 0.08191925102399064, ""9.0"": 0.06787595084844938, ""1.0"": 0.04871269748390872, ""3.0"": 0.047396138092451724, ""13.0"": 0.03891164423639555, ""14.0"": 0.02764774722059684, ""11.0"": 0.025892334698654183, ""12.0"": 0.024575775307197192}"
Power Hitter,High Spin,1034,"{""5.0"": 0.20019342359767892, ""8.0"": 0.1760154738878143, ""6.0"": 0.12669245647969052, ""9.0"": 0.09574468085106383, ""4.0"": 0.08994197292069632, ""7.0"": 0.07543520309477757, ""2.0"": 0.05705996131528046, ""13.0"": 0.05029013539651837, ""14.0"": 0.04448742746615087, ""3.0"": 0.03288201160541586, ""1.0"": 0.02127659574468085, ""12.0"": 0.015473887814313346, ""11.0"": 0.014506769825918761}"
Contact Hitter,Average Spin,23243,"{""14"": 0.17308436948758765, ""11"": 0.13707352751366003, ""13"": 0.13363163102869682, ""12"": 0.0986103342941961, ""5"": 0.06195413672933787, ""6"": 0.056361054941272644, ""8"": 0.05593081788065224, ""4"": 0.05386567998967431, ""9"": 0.04986447532590457, ""2"": 0.04947726197134621, ""1"": 0.04685281590156176, ""7"": 0.046121412898507075, ""3"": 0.03717248203760272}"
Contact Hitter,High Spin,7177,"{""14"": 0.3101574474014212, ""13"": 0.1274905949561098, ""11"": 0.08067437648042358, ""9"": 0.06423296642050996, ""8"": 0.0636756304862756, ""12"": 0.06116761878222098, ""5"": 0.059356276995959315, ""6"": 0.0540615856207329, ""4"": 0.04751288839347917, ""7"": 0.039710185314198135, ""2"": 0.036923505643026336, ""1"": 0.031210812317124147, ""3"": 0.023826111188518878}"
Power Hitter,Average Spin,1972,"{""5"": 0.19878296146044624, ""8"": 0.1389452332657201, ""4"": 0.11967545638945233, ""6"": 0.09787018255578094, ""7"": 0.08164300202839757, ""2"": 0.07403651115618662, ""9"": 0.07099391480730223, ""1"": 0.04766734279918864, ""3"": 0.04513184584178499, ""13"": 0.03803245436105477, ""11"": 0.03296146044624747, ""14"": 0.027890466531440162, ""12"": 0.02636916835699797}"
Power Hitter,High Spin,512,"{""5"": 0.21484375, ""8"": 0.16015625, ""6"": 0.123046875, ""4"": 0.091796875, ""9"": 0.08984375, ""7"": 0.076171875, ""2"": 0.05078125, ""14"": 0.048828125, ""13"": 0.04296875, ""1"": 0.037109375, ""3"": 0.03515625, ""12"": 0.015625, ""11"": 0.013671875}"
Contact Hitter,Average Spin,709,"{""14"": 0.16502115655853314, ""11"": 0.13540197461212977, ""13"": 0.11424541607898449, ""12"": 0.11283497884344147, ""6"": 0.07052186177715092, ""8"": 0.06488011283497884, ""5"": 0.06064880112834979, ""4"": 0.0535966149506347, ""7"": 0.05077574047954866, ""3"": 0.04936530324400564, ""9"": 0.0465444287729196, ""2"": 0.039492242595204514, ""1"": 0.036671368124118475}"
Contact Hitter,High Spin,332,"{""14"": 0.37349397590361444, ""13"": 0.11746987951807229, ""5"": 0.06325301204819277, ""6"": 0.060240963855421686, ""8"": 0.060240963855421686, ""9"": 0.0572289156626506, ""11"": 0.05421686746987952, ""12"": 0.04819277108433735, ""7"": 0.04819277108433735, ""4"": 0.0391566265060241, ""2"": 0.03313253012048193, ""3"": 0.02710843373493976, ""1"": 0.018072289156626505}"
Power Hitter,Average Spin,59,"{""5"": 0.1864406779661017, ""9"": 0.11864406779661017, ""14"": 0.11864406779661017, ""8"": 0.1016949152542373, ""6"": 0.0847457627118644, ""2"": 0.0847457627118644, ""4"": 0.06779661016949153, ""11"": 0.06779661016949153, ""7"": 0.05084745762711865, ""3"": 0.03389830508474576, ""13"": 0.03389830508474576, ""1"": 0.03389830508474576, ""12"": 0.01694915254237288}"
Power Hitter,High Spin,20,"{""6"": 0.3, ""8"": 0.2, ""9"": 0.15, ""5"": 0.1, ""3"": 0.05, ""7"": 0.05, ""14"": 0.05, ""2"": 0.05, ""13"": 0.05}"
Contact Hitter,Average Spin,94020,"{""14.0"": 0.17779456032676333, ""13.0"": 0.13572591024645528, ""11.0"": 0.12923744588514355, ""12.0"": 0.0956250731281844, ""5.0"": 0.06499101188133556, ""4.0"": 0.05630072436790656, ""6.0"": 0.0559390722559646, ""8.0"": 0.055566783317200816, ""9.0"": 0.050929126822886195, ""2.0"": 0.049525065682405625, ""7.0"": 0.04636592811632434, ""1.0"": 0.04360035314265048, ""3.0"": 0.038398944826779274}"
Contact Hitter,High Spin,18872,"{""14.0"": 0.3171364985163205, ""13.0"": 0.12356930902924969, ""11.0"": 0.07344213649851632, ""9.0"": 0.06899109792284866, ""12.0"": 0.062102585841458245, ""8.0"": 0.06104281475201356, ""5.0"": 0.05775752437473506, ""6.0"": 0.055955913522679104, ""4.0"": 0.04546417973717677, ""7.0"": 0.04154302670623145, ""2.0"": 0.0349194573972022, ""1.0"": 0.02903772785078423, ""3.0"": 0.02903772785078423}"
Power Hitter,Average Spin,8509,"{""5.0"": 0.18533317663650253, ""8.0"": 0.14149723821835702, ""4.0"": 0.12198848278293571, ""6.0"": 0.10823833587965684, ""7.0"": 0.08273592666588318, ""2.0"": 0.07321659419438242, ""9.0"": 0.07239393583264779, ""3.0"": 0.045716300387824656, ""13.0"": 0.04477611940298507, ""1.0"": 0.041485485956046536, ""14.0"": 0.03137854036902104, ""11.0"": 0.026442590198613232, ""12.0"": 0.024797273475143964}"
Power Hitter,High Spin,1320,"{""5.0"": 0.18787878787878787, ""8.0"": 0.17045454545454544, ""6.0"": 0.11893939393939394, ""4.0"": 0.11060606060606061, ""9.0"": 0.10075757575757575, ""7.0"": 0.0803030303030303, ""14.0"": 0.06742424242424243, ""2.0"": 0.05606060606060606, ""13.0"": 0.04242424242424243, ""3.0"": 0.02196969696969697, ""1.0"": 0.021212121212121213, ""12.0"": 0.015151515151515152, ""11.0"": 0.006818181818181818}"
Contact Hitter,Average Spin,81255,"{""14"": 0.17446310996246384, ""13"": 0.13876069164974464, ""11"": 0.12842286628515168, ""12"": 0.09708940988246877, ""5"": 0.06352839825241524, ""6"": 0.05690726724509261, ""4"": 0.05582425696880192, ""8"": 0.05346132545689496, ""9"": 0.05077841363608393, ""2"": 0.05042151252230632, ""7"": 0.0471601747584764, ""1"": 0.04272967817365085, ""3"": 0.04045289520644883}"
Contact Hitter,High Spin,20140,"{""14"": 0.31454816285998016, ""13"": 0.12939424031777558, ""11"": 0.07333664349553128, ""9"": 0.06896722939424031, ""8"": 0.06156901688182721, ""12"": 0.05913604766633565, ""5"": 0.05744786494538232, ""6"": 0.05541211519364449, ""4"": 0.04612711022840119, ""7"": 0.04195630585898709, ""2"": 0.03644488579940417, ""1"": 0.02874875868917577, ""3"": 0.026911618669314796}"
Power Hitter,Average Spin,7098,"{""5"": 0.18385460693153, ""8"": 0.14623837700760778, ""4"": 0.11242603550295859, ""6"": 0.10650887573964497, ""7"": 0.08382642998027613, ""2"": 0.07790927021696252, ""9"": 0.07495069033530571, ""3"": 0.04508312200619893, ""13"": 0.04451958298112144, ""1"": 0.04184277261200338, ""14"": 0.033107917723302335, ""11"": 0.026204564666103127, ""12"": 0.023527754296985066}"
Power Hitter,High Spin,1481,"{""5"": 0.18568534773801484, ""8"": 0.16812964213369344, ""6"": 0.11546252532072923, ""9"": 0.10735989196488858, ""4"": 0.09858203916272788, ""7"": 0.07629979743416611, ""14"": 0.05671843349088454, ""13"": 0.053342336259284265, ""2"": 0.04794058068872384, ""3"": 0.03781228899392303, ""1"": 0.02228224172856178, ""12"": 0.019581363943281565, ""11"": 0.010803511141120865}"
Contact Hitter,Average Spin,85705,"{""14.0"": 0.17385111152624697, ""13.0"": 0.14085559499346162, ""11.0"": 0.12928498038483094, ""12.0"": 0.09693162712497665, ""5.0"": 0.0640178404632916, ""6.0"": 0.05619512422940407, ""4.0"": 0.055050906033999626, ""8.0"": 0.0539884177096955, ""9.0"": 0.05185176536521577, ""2.0"": 0.0506725200821969, ""7.0"": 0.04592051186250701, ""1.0"": 0.04367877825518401, ""3.0"": 0.03770082196898935}"
Contact Hitter,High Spin,19311,"{""14.0"": 0.32172290468045406, ""13.0"": 0.12621157932929042, ""11.0"": 0.07287617270512621, ""9.0"": 0.0667081324832841, ""12.0"": 0.06111024723993158, ""5.0"": 0.0598662727414088, ""8.0"": 0.059296117762919195, ""6.0"": 0.05302441299953351, ""4.0"": 0.04405743015601513, ""7.0"": 0.04099932618047997, ""2.0"": 0.03669724770642202, ""3.0"": 0.029233400715285338, ""1.0"": 0.028196755299849687}"
Power Hitter,Average Spin,7777,"{""5.0"": 0.18227424749163879, ""8.0"": 0.14509904810908156, ""4.0"": 0.11885773089786468, ""6.0"": 0.10033444816053512, ""7.0"": 0.08284023668639054, ""2.0"": 0.08039619243632622, ""9.0"": 0.06753280164651403, ""13.0"": 0.051453563159248775, ""1.0"": 0.04836634936969385, ""3.0"": 0.04180602006688963, ""14.0"": 0.03215847697453049, ""11.0"": 0.02984306663236429, ""12.0"": 0.019037818368922047}"
Power Hitter,High Spin,1295,"{""5.0"": 0.20617760617760617, ""8.0"": 0.15444015444015444, ""9.0"": 0.12664092664092663, ""6.0"": 0.11428571428571428, ""4.0"": 0.08803088803088803, ""7.0"": 0.08571428571428572, ""2.0"": 0.05250965250965251, ""14.0"": 0.047876447876447875, ""13.0"": 0.0416988416988417, ""3.0"": 0.02471042471042471, ""1.0"": 0.021621621621621623, ""11.0"": 0.019305019305019305, ""12.0"": 0.01698841698841699}"
Contact Hitter,Average Spin,91403,"{""14.0"": 0.17601557969825277, ""13.0"": 0.14156300259296944, ""11.0"": 0.1281386418091706, ""12.0"": 0.09281080075710331, ""5.0"": 0.0638505049178893, ""4.0"": 0.05737355171168806, ""8.0"": 0.05587466220282054, ""6.0"": 0.05423354230260063, ""9.0"": 0.05094036170282601, ""2.0"": 0.04997757136136366, ""7.0"": 0.0474064835176858, ""1.0"": 0.04409142131924158, ""3.0"": 0.03772387610638833}"
Contact Hitter,High Spin,20990,"{""14.0"": 0.3020009528346832, ""13.0"": 0.12691757979990473, ""11.0"": 0.07989518818484993, ""5.0"": 0.06598380181038589, ""9.0"": 0.0631252977608385, ""12.0"": 0.061219628394473556, ""8.0"": 0.05940924249642687, ""6.0"": 0.05645545497856122, ""4.0"": 0.04454502143878037, ""7.0"": 0.040781324440209626, ""2.0"": 0.039352072415435924, ""1.0"": 0.0319676036207718, ""3.0"": 0.02834683182467842}"
Power Hitter,Average Spin,8105,"{""5.0"": 0.19753238741517581, ""8.0"": 0.14373843306600864, ""4.0"": 0.12634176434299815, ""6.0"": 0.10376310919185688, ""7.0"": 0.08155459592843924, ""2.0"": 0.07254780999383097, ""9.0"": 0.06933991363355953, ""13.0"": 0.04305983960518198, ""1.0"": 0.04256631708821715, ""3.0"": 0.04207279457125231, ""14.0"": 0.02998149290561382, ""11.0"": 0.026403454657618754, ""12.0"": 0.02109808760024676}"
Power Hitter,High Spin,1420,"{""5.0"": 0.18873239436619718, ""8.0"": 0.14225352112676057, ""6.0"": 0.11549295774647887, ""9.0"": 0.10352112676056338, ""4.0"": 0.09929577464788733, ""7.0"": 0.08661971830985915, ""2.0"": 0.061971830985915494, ""14.0"": 0.059154929577464786, ""13.0"": 0.05563380281690141, ""3.0"": 0.027464788732394368, ""1.0"": 0.02464788732394366, ""12.0"": 0.023943661971830985, ""11.0"": 0.011267605633802818}"
Contact Hitter,Average Spin,89664,"{""14.0"": 0.17738643587656, ""13.0"": 0.13763759856351004, ""11.0"": 0.12872645349809844, ""12.0"": 0.09347222377123228, ""5.0"": 0.06348214982768813, ""8.0"": 0.056690050522512074, ""4.0"": 0.056466993074066225, ""6.0"": 0.05644468732922164, ""2.0"": 0.05065634654205191, ""9.0"": 0.05041098334876147, ""1.0"": 0.04528066203450699, ""7.0"": 0.04455572532705798, ""3.0"": 0.038789690284732836}"
Contact Hitter,High Spin,21308,"{""14.0"": 0.3000750891683875, ""13.0"": 0.1314999061385395, ""11.0"": 0.07706025905763093, ""9.0"": 0.06335648582691947, ""5.0"": 0.06063450347287404, ""12.0"": 0.06058757274263187, ""8.0"": 0.059179650835367, ""6.0"": 0.056363807020837244, ""4.0"": 0.045616669795382016, ""7.0"": 0.04261310305988361, ""2.0"": 0.04064201238971278, ""1.0"": 0.03341467993241975, ""3.0"": 0.028956260559414304}"
Power Hitter,Average Spin,8256,"{""5.0"": 0.2010658914728682, ""8.0"": 0.14280523255813954, ""4.0"": 0.12124515503875968, ""6.0"": 0.10586240310077519, ""2.0"": 0.07642926356589147, ""7.0"": 0.07388565891472869, ""9.0"": 0.06916182170542635, ""1.0"": 0.04796511627906977, ""3.0"": 0.047117248062015504, ""13.0"": 0.037063953488372096, ""14.0"": 0.03234011627906977, ""11.0"": 0.025314922480620155, ""12.0"": 0.019743217054263566}"
Power Hitter,High Spin,1521,"{""5.0"": 0.1873767258382643, ""8.0"": 0.17685733070348456, ""6.0"": 0.10782380013149244, ""9.0"": 0.1032215647600263, ""4.0"": 0.09993425378040763, ""7.0"": 0.06640368178829717, ""2.0"": 0.05719921104536489, ""14.0"": 0.055226824457593686, ""13.0"": 0.04602235371466141, ""1.0"": 0.0381328073635766, ""3.0"": 0.03353057199211045, ""12.0"": 0.014464168310322156, ""11.0"": 0.013806706114398421}"
Contact Hitter,Average Spin,42665,"{""14.0"": 0.17182767344902541, ""13.0"": 0.13665680789651855, ""11.0"": 0.1302783023910487, ""12.0"": 0.09557068025514022, ""5.0"": 0.06585183337490647, ""6.0"": 0.05687203791469194, ""4.0"": 0.055981185190464314, ""8.0"": 0.054413284395823686, ""2.0"": 0.05156255567829526, ""9.0"": 0.049246338595303425, ""1.0"": 0.04543348893560917, ""7.0"": 0.04404375868581406, ""3.0"": 0.0422620532373588}"
Contact Hitter,High Spin,6409,"{""14.0"": 0.29552192229677016, ""13.0"": 0.11998751755344048, ""11.0"": 0.0786394133250117, ""12.0"": 0.0695896395693556, ""9.0"": 0.06459666094554532, ""5.0"": 0.05960368232173506, ""6.0"": 0.058823529411764705, ""8.0"": 0.05819940708378842, ""4.0"": 0.049305663910126384, ""2.0"": 0.041504134810422845, ""7.0"": 0.03885161491652364, ""1.0"": 0.03619909502262444, ""3.0"": 0.029177718832891247}"
Power Hitter,Average Spin,2481,"{""5.0"": 0.19750100765820233, ""8.0"": 0.13583232567513098, ""4.0"": 0.1128577186618299, ""2.0"": 0.1007658202337767, ""6.0"": 0.09270455461507457, ""7.0"": 0.07940346634421604, ""9.0"": 0.062071745264006446, ""1.0"": 0.0475614671503426, ""13.0"": 0.045949214026602174, ""3.0"": 0.04393389762192664, ""14.0"": 0.032648125755743655, ""11.0"": 0.024586860137041516, ""12.0"": 0.02418379685610641}"
Power Hitter,High Spin,430,"{""5.0"": 0.20930232558139536, ""8.0"": 0.1744186046511628, ""9.0"": 0.10930232558139535, ""4.0"": 0.10465116279069768, ""6.0"": 0.1, ""7.0"": 0.07209302325581396, ""2.0"": 0.05581395348837209, ""3.0"": 0.03953488372093023, ""14.0"": 0.03953488372093023, ""1.0"": 0.03488372093023256, ""13.0"": 0.03255813953488372, ""11.0"": 0.018604651162790697, ""12.0"": 0.009302325581395349}"
Contact Hitter,Average Spin,82877,"{""14.0"": 0.17486081422170693, ""13.0"": 0.13151697402268034, ""11.0"": 0.12382401603806625, ""12.0"": 0.09750854437641149, ""5.0"": 0.06685748100914218, ""6.0"": 0.05711145731434852, ""4.0"": 0.05607284760214002, ""8.0"": 0.05597623274519039, ""9.0"": 0.05286040360856491, ""2.0"": 0.05166479475381327, ""7.0"": 0.04594036447954784, ""1.0"": 0.04484137048174583, ""3.0"": 0.04096469934664203}"
Contact Hitter,High Spin,23745,"{""14.0"": 0.2915982312065698, ""13.0"": 0.1224257738471257, ""11.0"": 0.07854285112655296, ""12.0"": 0.06894082964834702, ""9.0"": 0.0655295851758265, ""6.0"": 0.06030743314381975, ""5.0"": 0.06009686249736787, ""8.0"": 0.05908612339439882, ""4.0"": 0.045862286797220465, ""7.0"": 0.040555906506632974, ""2.0"": 0.04005053695514845, ""1.0"": 0.033859759949463046, ""3.0"": 0.03314381975152664}"
Power Hitter,Average Spin,7661,"{""5.0"": 0.205717269285994, ""8.0"": 0.14384545098551102, ""4.0"": 0.12126354261845712, ""6.0"": 0.10690510377235347, ""2.0"": 0.0804072575381804, ""7.0"": 0.07701344472001044, ""9.0"": 0.06448244354522908, ""3.0"": 0.044641691685158594, ""1.0"": 0.0402036287690902, ""13.0"": 0.0402036287690902, ""14.0"": 0.031980159248139926, ""11.0"": 0.02192925205586738, ""12.0"": 0.02140712700691816}"
Power Hitter,High Spin,1729,"{""5.0"": 0.20069404279930594, ""8.0"": 0.15731636784268363, ""6.0"": 0.11336032388663968, ""9.0"": 0.10989010989010989, ""4.0"": 0.09253903990746096, ""7.0"": 0.07923655292076345, ""2.0"": 0.06015037593984962, ""14.0"": 0.05263157894736842, ""13.0"": 0.038750722961249276, ""3.0"": 0.03296703296703297, ""1.0"": 0.031231925968768073, ""12.0"": 0.019664545980335454, ""11.0"": 0.01156737998843262}"
Contact Hitter,Average Spin,78232,"{""14"": 0.1739441660701503, ""13"": 0.13108446671438798, ""11"": 0.12735197872993148, ""12"": 0.0973770324164025, ""5"": 0.06451324266284897, ""4"": 0.058019736169342466, ""6"": 0.05639635954596584, ""8"": 0.05559106248082626, ""2"": 0.05189692197566213, ""9"": 0.05088710502096329, ""7"": 0.047141834543409346, ""1"": 0.04518611309949892, ""3"": 0.04060998057061049}"
Contact Hitter,High Spin,21446,"{""14"": 0.30276042152382726, ""13"": 0.12235381889396624, ""11"": 0.08239298703720974, ""9"": 0.0662594423202462, ""12"": 0.06406789144828873, ""5"": 0.06313531660915789, ""8"": 0.057166837638720505, ""6"": 0.0537163107339364, ""4"": 0.0472815443439336, ""7"": 0.04038049053436538, ""2"": 0.039074885759582206, ""1"": 0.03361932295066679, ""3"": 0.02779073020609904}"
Power Hitter,Average Spin,7032,"{""5"": 0.20022753128555176, ""8"": 0.1389362912400455, ""4"": 0.12400455062571103, ""6"": 0.11191695108077361, ""2"": 0.07864050056882821, ""7"": 0.07608077360637087, ""9"": 0.07124573378839591, ""1"": 0.046501706484641636, ""3"": 0.04251990898748578, ""13"": 0.04010238907849829, ""14"": 0.030147895335608646, ""11"": 0.020904436860068258, ""12"": 0.01877133105802048}"
Power Hitter,High Spin,1605,"{""5"": 0.16822429906542055, ""8"": 0.15700934579439252, ""6"": 0.1308411214953271, ""4"": 0.1015576323987539, ""9"": 0.08847352024922119, ""7"": 0.07227414330218068, ""2"": 0.06978193146417445, ""14"": 0.06728971962616823, ""13"": 0.03987538940809969, ""3"": 0.03364485981308411, ""1"": 0.029283489096573207, ""11"": 0.022429906542056073, ""12"": 0.019314641744548288}"
Contact Hitter,Average Spin,84545,"{""14.0"": 0.17736086090831515, ""13.0"": 0.13584431591921872, ""11.0"": 0.11920451313169622, ""12.0"": 0.09456480515786479, ""5.0"": 0.0662273632312506, ""8.0"": 0.05774153787806959, ""6.0"": 0.05768227932113397, ""4.0"": 0.05626007395467906, ""9.0"": 0.05448231724661041, ""2.0"": 0.049943111785341804, ""7.0"": 0.046837963401915234, ""1.0"": 0.04387503555513416, ""3.0"": 0.03997582250877026}"
Contact Hitter,High Spin,24188,"{""14.0"": 0.30229866049280635, ""13.0"": 0.12121713246237804, ""11.0"": 0.07168844054903258, ""9.0"": 0.06800893004795766, ""12.0"": 0.06573507524392261, ""5.0"": 0.06416404828840748, ""8.0"": 0.05907888209029271, ""6.0"": 0.05878948238796097, ""4.0"": 0.04560112452455763, ""7.0"": 0.04154952869191335, ""2.0"": 0.03919298825864065, ""3.0"": 0.03154456755415909, ""1.0"": 0.031131139407970895}"
Power Hitter,Average Spin,7852,"{""5.0"": 0.18886907794192562, ""8.0"": 0.14467651553744268, ""4.0"": 0.11614875191034131, ""6.0"": 0.11538461538461539, ""7.0"": 0.07883341823739175, ""2.0"": 0.07424859908303617, ""9.0"": 0.0728476821192053, ""3.0"": 0.04546612328069282, ""13.0"": 0.04368313805399898, ""1.0"": 0.043301069791136015, ""14.0"": 0.03731533367294957, ""12.0"": 0.019740193581253184, ""11.0"": 0.019485481406011206}"
Power Hitter,High Spin,1729,"{""5.0"": 0.18970503181029497, ""8.0"": 0.16194331983805668, ""6.0"": 0.13013302486986697, ""9.0"": 0.1139386928860613, ""4.0"": 0.09369577790630422, ""7.0"": 0.07692307692307693, ""14.0"": 0.05610179294389821, ""2.0"": 0.055523423944476576, ""3.0"": 0.035280508964719494, ""13.0"": 0.032388663967611336, ""1.0"": 0.027183342972816656, ""12.0"": 0.01735106998264893, ""11.0"": 0.009832272990167727}"
Contact Hitter,Average Spin,87635,"{""14.0"": 0.17877764338042312, ""13.0"": 0.137252664490951, ""11.0"": 0.1271196111098432, ""12.0"": 0.09788438277380926, ""5.0"": 0.06421023803546569, ""4.0"": 0.057683091037725086, ""6.0"": 0.05605130428828993, ""8.0"": 0.053940251500559144, ""2.0"": 0.05041422279024123, ""9.0"": 0.050049067713444556, ""7.0"": 0.04506241869593993, ""1.0"": 0.044640208138393776, ""3.0"": 0.036914896044914075}"
Contact Hitter,High Spin,16630,"{""14.0"": 0.31244738424533974, ""13.0"": 0.1254359591100421, ""11.0"": 0.07546602525556223, ""9.0"": 0.06644618159951894, ""12.0"": 0.06259771497294046, ""5.0"": 0.061996392062537584, ""8.0"": 0.060072158749248344, ""6.0"": 0.057005411906193626, ""4.0"": 0.043776307877330126, ""7.0"": 0.04113048707155743, ""2.0"": 0.035357787131689716, ""3.0"": 0.029464822609741433, ""1.0"": 0.028803367408298256}"
Power Hitter,Average Spin,7779,"{""5.0"": 0.19282684149633628, ""8.0"": 0.13793546728371256, ""4.0"": 0.11736727085743669, ""6.0"": 0.10721172387196298, ""7.0"": 0.08600077130736598, ""2.0"": 0.08163002956678236, ""9.0"": 0.06941766293868107, ""3.0"": 0.04717830055277028, ""1.0"": 0.04473582722715002, ""13.0"": 0.03727985602262501, ""14.0"": 0.02943823113510734, ""12.0"": 0.024938938166859492, ""11.0"": 0.024039079573209925}"
Power Hitter,High Spin,1164,"{""5.0"": 0.21219931271477663, ""8.0"": 0.15893470790378006, ""6.0"": 0.1134020618556701, ""4.0"": 0.09707903780068729, ""9.0"": 0.09536082474226804, ""7.0"": 0.08676975945017182, ""2.0"": 0.04896907216494845, ""14.0"": 0.044673539518900345, ""13.0"": 0.04381443298969072, ""1.0"": 0.03436426116838488, ""3.0"": 0.03006872852233677, ""12.0"": 0.020618556701030927, ""11.0"": 0.013745704467353952}"
Contact Hitter,Average Spin,95509,"{""14.0"": 0.17804893429184007, ""13.0"": 0.13864716021356202, ""11.0"": 0.1263925673687308, ""12.0"": 0.09884600832387438, ""5.0"": 0.06429982763694454, ""4.0"": 0.05658552991129608, ""6.0"": 0.056511960314457474, ""8.0"": 0.05316979862950351, ""9.0"": 0.049943246311010214, ""2.0"": 0.04918653045781309, ""7.0"": 0.04571824946399294, ""1.0"": 0.04418379787278766, ""3.0"": 0.038466389204187164}"
Contact Hitter,High Spin,16138,"{""14.0"": 0.315466600570083, ""13.0"": 0.13471309951666874, ""11.0"": 0.07020696492750031, ""9.0"": 0.0662411699095303, ""12.0"": 0.060912132854133105, ""8.0"": 0.060106580741107946, ""5.0"": 0.05756599330772091, ""6.0"": 0.054033957119841367, ""4.0"": 0.04820919568719792, ""7.0"": 0.03891436361383071, ""2.0"": 0.03606394844466477, ""1.0"": 0.029681497087619284, ""3.0"": 0.027884496220101623}"
Power Hitter,Average Spin,8368,"{""5.0"": 0.20088432122370936, ""8.0"": 0.14077437858508604, ""4.0"": 0.12380497131931166, ""6.0"": 0.10647705544933078, ""7.0"": 0.08006692160611854, ""2.0"": 0.07755736137667305, ""9.0"": 0.07660133843212237, ""3.0"": 0.04457456978967495, ""1.0"": 0.03955544933078394, ""14.0"": 0.03369980879541109, ""13.0"": 0.033580305927342256, ""11.0"": 0.02354206500956023, ""12.0"": 0.018881453154875716}"
Power Hitter,High Spin,1076,"{""5.0"": 0.17193308550185873, ""8.0"": 0.15985130111524162, ""9.0"": 0.13197026022304834, ""6.0"": 0.12453531598513011, ""4.0"": 0.09014869888475836, ""7.0"": 0.07713754646840149, ""2.0"": 0.05390334572490706, ""14.0"": 0.05297397769516728, ""13.0"": 0.039962825278810406, ""3.0"": 0.03810408921933085, ""1.0"": 0.024163568773234202, ""11.0"": 0.017657992565055763, ""12.0"": 0.017657992565055763}"
Contact Hitter,Average Spin,85492,"{""14.0"": 0.18139812366937277, ""13.0"": 0.13509814472545212, ""11.0"": 0.11889666144163957, ""12.0"": 0.09324333809044756, ""5.0"": 0.0645485810542077, ""8.0"": 0.058091383384413824, ""4.0"": 0.056465386145099786, ""6.0"": 0.056161242776595, ""9.0"": 0.05296773740729476, ""2.0"": 0.05076854689656786, ""7.0"": 0.04718901340570386, ""1.0"": 0.045703390028776644, ""3.0"": 0.03946845097442856}"
Contact Hitter,High Spin,21701,"{""14.0"": 0.3097553108151698, ""13.0"": 0.11202248744297498, ""11.0"": 0.07870605041242339, ""9.0"": 0.06690935901571356, ""5.0"": 0.062485599741947374, ""12.0"": 0.06078060918851666, ""8.0"": 0.05953642689276992, ""6.0"": 0.05815400211971799, ""4.0"": 0.04792405879913368, ""2.0"": 0.042486521358462745, ""7.0"": 0.03861573199391733, ""1.0"": 0.032579143818257224, ""3.0"": 0.030044698400995346}"
Power Hitter,Average Spin,7620,"{""5.0"": 0.20026246719160104, ""8.0"": 0.14146981627296587, ""4.0"": 0.1162729658792651, ""6.0"": 0.10879265091863517, ""2.0"": 0.08057742782152232, ""7.0"": 0.07703412073490813, ""9.0"": 0.07139107611548556, ""1.0"": 0.046062992125984255, ""3.0"": 0.04514435695538058, ""13.0"": 0.03661417322834646, ""14.0"": 0.03320209973753281, ""11.0"": 0.022440944881889763, ""12.0"": 0.02073490813648294}"
Power Hitter,High Spin,1561,"{""5.0"": 0.19282511210762332, ""8.0"": 0.17680973734785393, ""6.0"": 0.11659192825112108, ""9.0"": 0.11659192825112108, ""4.0"": 0.09224855861627163, ""7.0"": 0.06726457399103139, ""14.0"": 0.06278026905829596, ""2.0"": 0.05637411915438821, ""13.0"": 0.032030749519538756, ""3.0"": 0.029468289557975657, ""1.0"": 0.026905829596412557, ""12.0"": 0.019218449711723255, ""11.0"": 0.010890454836643177}"
Contact Hitter,Average Spin,8140,"{""14"": 0.1628992628992629, ""13"": 0.14557739557739557, ""11"": 0.14078624078624077, ""12"": 0.10024570024570024, ""5"": 0.060073710073710075, ""2"": 0.05663390663390663, ""8"": 0.054914004914004916, ""4"": 0.05393120393120393, ""9"": 0.04877149877149877, ""1"": 0.047788697788697786, ""6"": 0.046191646191646195, ""7"": 0.04508599508599508, ""3"": 0.0371007371007371}"
Contact Hitter,High Spin,3610,"{""14"": 0.281994459833795, ""13"": 0.11883656509695291, ""11"": 0.1038781163434903, ""12"": 0.07645429362880886, ""9"": 0.06398891966759003, ""5"": 0.05900277008310249, ""8"": 0.05457063711911357, ""4"": 0.050415512465373964, ""6"": 0.049307479224376734, ""2"": 0.043490304709141274, ""7"": 0.03628808864265928, ""1"": 0.03102493074792244, ""3"": 0.03074792243767313}"
Power Hitter,Average Spin,759,"{""5"": 0.17786561264822134, ""8"": 0.13175230566534915, ""4"": 0.11198945981554677, ""6"": 0.10013175230566534, ""7"": 0.0922266139657444, ""2"": 0.09090909090909091, ""9"": 0.06587615283267458, ""1"": 0.06455862977602109, ""3"": 0.05138339920948617, ""11"": 0.034255599472990776, ""13"": 0.030303030303030304, ""12"": 0.02766798418972332, ""14"": 0.021080368906455864}"
Power Hitter,High Spin,277,"{""6"": 0.16967509025270758, ""8"": 0.1444043321299639, ""5"": 0.1371841155234657, ""4"": 0.1299638989169675, ""9"": 0.07942238267148015, ""7"": 0.07581227436823104, ""2"": 0.061371841155234655, ""3"": 0.04693140794223827, ""14"": 0.04332129963898917, ""12"": 0.036101083032490974, ""13"": 0.032490974729241874, ""11"": 0.021660649819494584, ""1"": 0.021660649819494584}"
Contact Hitter,Average Spin,81644,"{""14"": 0.16685855666062419, ""13"": 0.13361667728185783, ""11"": 0.13203664690608005, ""12"": 0.09921120964185978, ""5"": 0.064622017539562, ""4"": 0.05701582480035275, ""6"": 0.054590661897996176, ""8"": 0.05429670275831659, ""2"": 0.053794522561363974, ""9"": 0.0504507373475087, ""1"": 0.047143697026113374, ""7"": 0.044645044338836905, ""3"": 0.041717701239527706}"
Contact Hitter,High Spin,22457,"{""14"": 0.2908224607026762, ""13"": 0.1229460747205771, ""11"": 0.0859865520773033, ""12"": 0.06639355212183283, ""9"": 0.06474595894375919, ""5"": 0.06100547713407846, ""8"": 0.05833370441287795, ""6"": 0.057487643051164446, ""4"": 0.04773567261878256, ""7"": 0.041323418087901326, ""2"": 0.03807276127710736, ""1"": 0.03459945673954669, ""3"": 0.030547268112392573}"
Power Hitter,Average Spin,7172,"{""5"": 0.20273284997211377, ""8"": 0.14375348577802566, ""4"": 0.113218070273285, ""6"": 0.11238148354712772, ""2"": 0.08477412158393753, ""7"": 0.0715281650864473, ""9"": 0.07083100948131622, ""1"": 0.04754601226993865, ""3"": 0.04433909648633575, ""13"": 0.03513664249860569, ""14"": 0.031372002230897936, ""11"": 0.024958170663692138, ""12"": 0.01742889012827663}"
Power Hitter,High Spin,1603,"{""5"": 0.17779164067373673, ""8"": 0.17280099812850905, ""6"": 0.1291328758577667, ""9"": 0.1091703056768559, ""4"": 0.07860262008733625, ""7"": 0.07298814722395508, ""2"": 0.06363069245165315, ""14"": 0.061759201497192766, ""3"": 0.048658764815970056, ""13"": 0.02994385527136619, ""1"": 0.028072364316905803, ""12"": 0.015595757953836557, ""11"": 0.011852776044915784}"
Contact Hitter,Average Spin,85980,"{""14"": 0.18282158641544546, ""13"": 0.13961386368923007, ""11"": 0.11980693184461502, ""12"": 0.09506862060944406, ""5"": 0.06560828099558037, ""8"": 0.05693184461502675, ""6"": 0.05638520586182833, ""4"": 0.05612933240288439, ""9"": 0.053303093742730866, ""2"": 0.04829030006978367, ""7"": 0.04634798790416376, ""1"": 0.04076529425447779, ""3"": 0.038927657594789486}"
Contact Hitter,High Spin,26462,"{""14"": 0.282216007860328, ""13"": 0.11669563902955181, ""11"": 0.09432393621041493, ""12"": 0.070554001965082, ""5"": 0.06318494444864334, ""9"": 0.06231577356208903, ""6"": 0.06023732144206787, ""8"": 0.05547577658529212, ""4"": 0.04750207845212002, ""2"": 0.04304285390371098, ""7"": 0.036618547350918296, ""1"": 0.035787166502909834, ""3"": 0.03204595268687174}"
Power Hitter,Average Spin,7440,"{""5"": 0.19301075268817205, ""8"": 0.1461021505376344, ""4"": 0.11586021505376344, ""6"": 0.11438172043010753, ""9"": 0.08051075268817204, ""7"": 0.07916666666666666, ""2"": 0.07432795698924731, ""1"": 0.04314516129032258, ""3"": 0.038306451612903226, ""13"": 0.038172043010752686, ""14"": 0.03508064516129032, ""12"": 0.021908602150537634, ""11"": 0.020026881720430108}"
Power Hitter,High Spin,1873,"{""5"": 0.17565403096636412, ""8"": 0.1398825413774693, ""6"": 0.13561131873998933, ""9"": 0.10464495461825948, ""4"": 0.1009076348104645, ""2"": 0.07474639615589963, ""7"": 0.05872931126534971, ""14"": 0.046983449012279764, ""13"": 0.04538174052322477, ""3"": 0.039508809396689805, ""1"": 0.03310197544046983, ""12"": 0.024559530165509876, ""11"": 0.0202883075280299}"
Contact Hitter,Average Spin,178,"{""14"": 0.15730337078651685, ""11"": 0.1404494382022472, ""13"": 0.11235955056179775, ""12"": 0.08426966292134831, ""7"": 0.07865168539325842, ""6"": 0.07303370786516854, ""5"": 0.06741573033707865, ""4"": 0.06741573033707865, ""8"": 0.05056179775280899, ""9"": 0.05056179775280899, ""2"": 0.05056179775280899, ""3"": 0.03932584269662921, ""1"": 0.028089887640449437}"
Contact Hitter,High Spin,69,"{""14"": 0.2753623188405797, ""6"": 0.13043478260869565, ""13"": 0.13043478260869565, ""11"": 0.08695652173913043, ""4"": 0.08695652173913043, ""12"": 0.057971014492753624, ""5"": 0.057971014492753624, ""9"": 0.043478260869565216, ""7"": 0.043478260869565216, ""8"": 0.043478260869565216, ""2"": 0.028985507246376812, ""3"": 0.014492753623188406}"
Power Hitter,Average Spin,14,"{""4"": 0.2857142857142857, ""8"": 0.21428571428571427, ""6"": 0.14285714285714285, ""5"": 0.07142857142857142, ""2"": 0.07142857142857142, ""13"": 0.07142857142857142, ""7"": 0.07142857142857142, ""9"": 0.07142857142857142}"
Power Hitter,High Spin,10,"{""8"": 0.3, ""5"": 0.3, ""2"": 0.2, ""9"": 0.2}"
Contact Hitter,Average Spin,17185,"{""14.0"": 0.19000232774674117, ""13.0"": 0.1336126629422719, ""11.0"": 0.12121741154562383, ""12.0"": 0.09281890130353818, ""5.0"": 0.0647695530726257, ""6.0"": 0.05697160148975791, ""8.0"": 0.05574953445065177, ""4.0"": 0.0550512104283054, ""9.0"": 0.052025139664804466, ""2.0"": 0.048475325884543764, ""7.0"": 0.046496741154562385, ""1.0"": 0.04224860335195531, ""3.0"": 0.04056098696461825}"
Contact Hitter,High Spin,4538,"{""14.0"": 0.2970471573380344, ""13.0"": 0.1364037020713971, ""11.0"": 0.07844865579550463, ""5.0"": 0.06985456148082855, ""12.0"": 0.06765094755398854, ""8.0"": 0.05905685323931247, ""9.0"": 0.05575143234905244, ""6.0"": 0.05354781842221243, ""4.0"": 0.04605553107095637, ""7.0"": 0.03944468929043632, ""2.0"": 0.0379021595416483, ""1.0"": 0.03239312472454826, ""3.0"": 0.026443367122080213}"
Power Hitter,Average Spin,1608,"{""5.0"": 0.18407960199004975, ""6.0"": 0.12686567164179105, ""8.0"": 0.125, ""4.0"": 0.1150497512437811, ""2.0"": 0.08644278606965174, ""9.0"": 0.07835820895522388, ""7.0"": 0.06529850746268656, ""1.0"": 0.04975124378109453, ""3.0"": 0.043532338308457715, ""14.0"": 0.03731343283582089, ""12.0"": 0.03296019900497513, ""13.0"": 0.030472636815920398, ""11.0"": 0.024875621890547265}"
Power Hitter,High Spin,293,"{""5.0"": 0.18430034129692832, ""8.0"": 0.16040955631399317, ""6.0"": 0.14334470989761092, ""9.0"": 0.09897610921501707, ""7.0"": 0.06825938566552901, ""4.0"": 0.05802047781569966, ""14.0"": 0.05802047781569966, ""2.0"": 0.05460750853242321, ""13.0"": 0.05460750853242321, ""3.0"": 0.04778156996587031, ""1.0"": 0.04436860068259386, ""12.0"": 0.017064846416382253, ""11.0"": 0.010238907849829351}"
Contact Hitter,Average Spin,79300,"{""14.0"": 0.17898081943025762, ""13.0"": 0.1397873869783982, ""11.0"": 0.121565215198174, ""12.0"": 0.09312853882142272, ""5.0"": 0.06470447294417332, ""4.0"": 0.058600991185260846, ""8.0"": 0.05653286926695166, ""6.0"": 0.05530965081526879, ""9.0"": 0.05242184642933707, ""2.0"": 0.049281832053367634, ""7.0"": 0.04908006406133747, ""1.0"": 0.04365754927552681, ""3.0"": 0.036948763540523843}"
Contact Hitter,High Spin,23834,"{""14.0"": 0.2798523118234455, ""13.0"": 0.11806662750692289, ""11.0"": 0.09402534194847696, ""12.0"": 0.06956448770663758, ""9.0"": 0.06457162037425526, ""5.0"": 0.060711588487035326, ""6.0"": 0.05848787446504993, ""8.0"": 0.05517328186624151, ""4.0"": 0.045984727699924476, ""2.0"": 0.04300579004783083, ""7.0"": 0.03847444826718134, ""1.0"": 0.0383485776621633, ""3.0"": 0.03373332214483511}"
Power Hitter,Average Spin,6739,"{""5.0"": 0.194984419053272, ""8.0"": 0.15358361774744028, ""4.0"": 0.1246475738240095, ""6.0"": 0.10520848790621753, ""7.0"": 0.08042736311025375, ""2.0"": 0.07775634367116784, ""9.0"": 0.07093040510461493, ""1.0"": 0.04036207152396498, ""13.0"": 0.03887817183558392, ""3.0"": 0.038729781866745805, ""14.0"": 0.031161893456002374, ""11.0"": 0.022703665232230302, ""12.0"": 0.020626205668496808}"
Power Hitter,High Spin,1694,"{""5.0"": 0.17650531286894924, ""8.0"": 0.1717827626918536, ""6.0"": 0.10684769775678866, ""4.0"": 0.10153482880755609, ""9.0"": 0.08795749704840614, ""7.0"": 0.07615112160566706, ""2.0"": 0.07201889020070838, ""14.0"": 0.05194805194805195, ""3.0"": 0.04073199527744982, ""1.0"": 0.04014167650531287, ""13.0"": 0.03659976387249114, ""12.0"": 0.021251475796930343, ""11.0"": 0.01652892561983471}"
Contact Hitter,Average Spin,88023,"{""14.0"": 0.1708680926511036, ""13.0"": 0.13266883367808516, ""11.0"": 0.1307480735571568, ""12.0"": 0.09728820494169527, ""5.0"": 0.06476030277544155, ""4.0"": 0.05698633873570795, ""6.0"": 0.05655445184461164, ""8.0"": 0.05489509694724161, ""9.0"": 0.0515991180415066, ""2.0"": 0.05026936103471007, ""7.0"": 0.04687109312845225, ""1.0"": 0.04571181778919373, ""3.0"": 0.04077921487509376}"
Contact Hitter,High Spin,23451,"{""14.0"": 0.29840944949042686, ""13.0"": 0.12340625133256578, ""11.0"": 0.08383437806490128, ""12.0"": 0.06852586243656987, ""9.0"": 0.06502920984179779, ""8.0"": 0.059400452006311034, ""5.0"": 0.059315167796682444, ""6.0"": 0.05598908362116754, ""4.0"": 0.046181399513880006, ""7.0"": 0.04025414694469319, ""2.0"": 0.039017525905078676, ""1.0"": 0.030787599675920003, ""3.0"": 0.029849473370005545}"
Power Hitter,Average Spin,7880,"{""5.0"": 0.19949238578680203, ""8.0"": 0.14073604060913705, ""4.0"": 0.11586294416243655, ""6.0"": 0.10685279187817259, ""7.0"": 0.08210659898477157, ""2.0"": 0.08109137055837563, ""9.0"": 0.06878172588832487, ""3.0"": 0.046700507614213196, ""1.0"": 0.04530456852791878, ""13.0"": 0.0383248730964467, ""14.0"": 0.029949238578680204, ""11.0"": 0.023477157360406092, ""12.0"": 0.02131979695431472}"
Power Hitter,High Spin,1697,"{""5.0"": 0.18680023571007662, ""8.0"": 0.16499705362404243, ""6.0"": 0.1314083677077195, ""9.0"": 0.10960518562168532, ""4.0"": 0.07542722451384797, ""7.0"": 0.07307012374779022, ""2.0"": 0.0695344725987036, ""14.0"": 0.050677666470241606, ""3.0"": 0.03830288744843842, ""13.0"": 0.030053034767236298, ""1.0"": 0.027106658809664112, ""12.0"": 0.02357100766057749, ""11.0"": 0.019446081319976428}"
Contact Hitter,Average Spin,88161,"{""14"": 0.1734440398815803, ""13"": 0.1380428987874457, ""11"": 0.1275167023967514, ""12"": 0.09736731661392226, ""5"": 0.06580007032588106, ""6"": 0.056476219643606586, ""8"": 0.056283390614897746, ""4"": 0.05589773255748007, ""9"": 0.0510202924195506, ""2"": 0.04901260194417033, ""7"": 0.04698222570070666, ""1"": 0.043522646067989244, ""3"": 0.03863386304601808}"
Contact Hitter,High Spin,18907,"{""14"": 0.2931718411170466, ""13"": 0.12476860422065901, ""11"": 0.09467393029036865, ""12"": 0.0653726133178188, ""9"": 0.06484370867932512, ""5"": 0.06029512878827947, ""8"": 0.057967948378907286, ""6"": 0.05151531178928439, ""4"": 0.04511556566351087, ""7"": 0.04125456180250701, ""2"": 0.03855714814618924, ""1"": 0.03395567779129423, ""3"": 0.02850796001480933}"
Power Hitter,Average Spin,7828,"{""5"": 0.19455799693408277, ""8"": 0.14269289729177312, ""4"": 0.11918753193663771, ""6"": 0.11548288196218702, ""7"": 0.08827286663260092, ""9"": 0.07370975983648441, ""2"": 0.06655595298926929, ""3"": 0.04535002554931017, ""13"": 0.04215636177823199, ""1"": 0.04164537557485948, ""14"": 0.029892692897291774, ""11"": 0.020567194685743483, ""12"": 0.01992846193152785}"
Power Hitter,High Spin,1321,"{""5"": 0.18319454958364875, ""8"": 0.17108251324753973, ""6"": 0.11884935654806965, ""4"": 0.10673732021196064, ""9"": 0.10143830431491295, ""2"": 0.06888720666161999, ""7"": 0.06888720666161999, ""14"": 0.04617713853141559, ""1"": 0.03936411809235428, ""3"": 0.03785011355034065, ""13"": 0.024224072672218017, ""12"": 0.021196063588190765, ""11"": 0.012112036336109008}"
Contact Hitter,Average Spin,84756,"{""14.0"": 0.18160794770748284, ""13.0"": 0.13788139792812137, ""11.0"": 0.12338060740496024, ""12.0"": 0.09743492932486962, ""5.0"": 0.06417396229086533, ""6.0"": 0.0573306274630106, ""4.0"": 0.05694126530901197, ""8.0"": 0.053708379545508174, ""9.0"": 0.0525756896429667, ""2.0"": 0.048729263515586284, ""7.0"": 0.04653467682941218, ""1.0"": 0.04147296882742997, ""3.0"": 0.03822828421077471}"
Contact Hitter,High Spin,15234,"{""14.0"": 0.31679138768544046, ""13.0"": 0.1251805172640147, ""11.0"": 0.07437311277405803, ""9.0"": 0.06925298674018643, ""8.0"": 0.06150715504791913, ""12.0"": 0.05907837731390311, ""6.0"": 0.05888144938952344, ""5.0"": 0.05861887882368386, ""4.0"": 0.045359065248785614, ""7.0"": 0.038991729027176056, ""2.0"": 0.038007089405277666, ""3.0"": 0.027438624130235, ""1.0"": 0.02651962714979651}"
Power Hitter,Average Spin,7371,"{""5.0"": 0.18844118844118843, ""8.0"": 0.14557047890381225, ""4.0"": 0.11748745082078416, ""6.0"": 0.11504544837878171, ""7.0"": 0.0778727445394112, ""9.0"": 0.07488807488807489, ""2.0"": 0.07081807081807082, ""3.0"": 0.04436304436304436, ""13.0"": 0.04395604395604396, ""1.0"": 0.04137837471170804, ""14.0"": 0.034730701397368065, ""12.0"": 0.023606023606023607, ""11.0"": 0.02184235517568851}"
Power Hitter,High Spin,971,"{""8.0"": 0.18125643666323377, ""5.0"": 0.17816683831101957, ""6.0"": 0.11328527291452112, ""9.0"": 0.11328527291452112, ""4.0"": 0.09474768280123584, ""7.0"": 0.08444902162718847, ""14.0"": 0.06488156539649846, ""2.0"": 0.05046343975283213, ""13.0"": 0.037075180226570546, ""3.0"": 0.028836251287332648, ""1.0"": 0.02059732234809475, ""12.0"": 0.018537590113285273, ""11.0"": 0.014418125643666324}"
Contact Hitter,Average Spin,84719,"{""14"": 0.17755167081764422, ""13"": 0.13476315820536125, ""11"": 0.1305256199907931, ""12"": 0.09479573649358468, ""5"": 0.06434211924125639, ""4"": 0.055324071341729716, ""8"": 0.05525324897602663, ""6"": 0.05455682904661292, ""9"": 0.052727251265949786, ""2"": 0.05118096294809901, ""7"": 0.04720310674110884, ""1"": 0.044547268027243, ""3"": 0.03722895690459047}"
Contact Hitter,High Spin,21190,"{""14"": 0.297215667767815, ""13"": 0.11821613968853233, ""11"": 0.07989617744218971, ""12"": 0.07008022652194432, ""5"": 0.06394525719679094, ""9"": 0.0632373761208117, ""8"": 0.05889570552147239, ""6"": 0.05667767815007079, ""4"": 0.04695611137328929, ""2"": 0.04049079754601227, ""7"": 0.03879188296366211, ""3"": 0.033836715431807454, ""1"": 0.0317602642756017}"
Power Hitter,Average Spin,7729,"{""5"": 0.19122784318799327, ""8"": 0.14296804243757277, ""4"": 0.11553887954457238, ""6"": 0.10428257213093543, ""2"": 0.0830637857420106, ""7"": 0.08280502005434079, ""9"": 0.06585586751196791, ""1"": 0.05020054340794411, ""3"": 0.04593090956139216, ""13"": 0.04230818993401475, ""14"": 0.02949928839435891, ""11"": 0.026394100142321127, ""12"": 0.019924957950575754}"
Power Hitter,High Spin,1531,"{""5"": 0.18941868060091444, ""8"": 0.1743958197256695, ""6"": 0.12344872632266493, ""9"": 0.10189418680600915, ""4"": 0.0953625081645983, ""2"": 0.06466361854996734, ""7"": 0.06401045068582625, ""14"": 0.05225342913128674, ""13"": 0.040496407576747225, ""3"": 0.039843239712606136, ""1"": 0.022860875244937948, ""12"": 0.016329196603527107, ""11"": 0.015022860875244938}"
Contact Hitter,Average Spin,78944,"{""14.0"": 0.17455940839379425, ""11.0"": 0.1322981918908273, ""13.0"": 0.13192970864410872, ""12.0"": 0.09481455127634973, ""5.0"": 0.06537401049541937, ""4.0"": 0.05814411506842353, ""8.0"": 0.05606027877663562, ""6.0"": 0.055183542775822415, ""2.0"": 0.05273122323731592, ""9.0"": 0.05035514161192361, ""1.0"": 0.04499307505622546, ""7.0"": 0.04420528328737881, ""3.0"": 0.039351469485775274}"
Contact Hitter,High Spin,20323,"{""14.0"": 0.3073365152782562, ""13.0"": 0.1248339319982286, ""11.0"": 0.07986025685184274, ""9.0"": 0.06603355803769129, ""8.0"": 0.06185110465974512, ""12.0"": 0.06047335531171579, ""5.0"": 0.059095605963686466, ""6.0"": 0.05210844855582345, ""4.0"": 0.048860896521182896, ""7.0"": 0.041381685774737983, ""2.0"": 0.037494464399940954, ""1.0"": 0.030999360330659843, ""3.0"": 0.029670816316488706}"
Power Hitter,Average Spin,7129,"{""5.0"": 0.19581989058774021, ""8.0"": 0.14069294431196522, ""4.0"": 0.11965212512273811, ""6.0"": 0.10772899424884276, ""2.0"": 0.07995511291906299, ""7.0"": 0.07672885397671483, ""9.0"": 0.0740636835460794, ""1.0"": 0.04839388413522233, ""3.0"": 0.04376490391359237, ""13.0"": 0.0370318417730397, ""14.0"": 0.03114041240005611, ""11.0"": 0.02300462898022163, ""12.0"": 0.022022724084724367}"
Power Hitter,High Spin,1452,"{""5.0"": 0.18181818181818182, ""8.0"": 0.1618457300275482, ""6.0"": 0.12741046831955924, ""9.0"": 0.10399449035812672, ""4.0"": 0.09228650137741047, ""7.0"": 0.07713498622589532, ""14.0"": 0.0709366391184573, ""2.0"": 0.05922865013774105, ""13.0"": 0.04269972451790634, ""3.0"": 0.029614325068870524, ""1.0"": 0.02203856749311295, ""12.0"": 0.01928374655647383, ""11.0"": 0.011707988980716254}"
Contact Hitter,Average Spin,89948,"{""14.0"": 0.17231641558730335, ""11.0"": 0.1336705764633943, ""13.0"": 0.13253655011395854, ""12.0"": 0.0971260214575574, ""5.0"": 0.06527322252487631, ""4.0"": 0.05622324754016343, ""6.0"": 0.05534493301462005, ""8.0"": 0.05476680193451554, ""2.0"": 0.051275779643115235, ""9.0"": 0.050908888765356604, ""1.0"": 0.046806381677691924, ""7.0"": 0.04559452999054978, ""3.0"": 0.03815665128689755}"
Contact Hitter,High Spin,21941,"{""14.0"": 0.3030399708308646, ""13.0"": 0.11836288227519257, ""11.0"": 0.08572991203682603, ""9.0"": 0.06462786563967002, ""12.0"": 0.06321498564331617, ""5.0"": 0.06175652887288638, ""8.0"": 0.05797365662458411, ""6.0"": 0.05619616243562281, ""4.0"": 0.04548562052777905, ""2.0"": 0.040153137960895126, ""7.0"": 0.03828449022378196, ""1.0"": 0.03322546830135363, ""3.0"": 0.031949318627227566}"
Power Hitter,Average Spin,8304,"{""5.0"": 0.20664739884393063, ""8.0"": 0.13547687861271676, ""4.0"": 0.11452312138728324, ""6.0"": 0.1019990366088632, ""2.0"": 0.0855009633911368, ""7.0"": 0.07526493256262043, ""9.0"": 0.06478805394990365, ""1.0"": 0.05214354527938343, ""3.0"": 0.04756743737957611, ""13.0"": 0.03769267822736031, ""11.0"": 0.03010597302504817, ""14.0"": 0.027336223506743737, ""12.0"": 0.020953757225433526}"
Power Hitter,High Spin,1609,"{""5.0"": 0.20136730888750776, ""8.0"": 0.15351149782473586, ""6.0"": 0.12430080795525171, ""9.0"": 0.10379117464263518, ""4.0"": 0.09509011808576756, ""7.0"": 0.06587942821628341, ""2.0"": 0.06525792417650715, ""14.0"": 0.04785581106277191, ""3.0"": 0.040397762585456805, ""1.0"": 0.031075201988812928, ""13.0"": 0.030453697949036667, ""12.0"": 0.023617153511497825, ""11.0"": 0.01740211311373524}"
Contact Hitter,Average Spin,215,"{""14"": 0.24186046511627907, ""13"": 0.17209302325581396, ""4"": 0.08372093023255814, ""7"": 0.07441860465116279, ""8"": 0.06976744186046512, ""12"": 0.06046511627906977, ""11"": 0.05581395348837209, ""9"": 0.05116279069767442, ""6"": 0.046511627906976744, ""5"": 0.04186046511627907, ""3"": 0.04186046511627907, ""2"": 0.03255813953488372, ""1"": 0.027906976744186046}"
Contact Hitter,High Spin,34,"{""14"": 0.38235294117647056, ""11"": 0.14705882352941177, ""13"": 0.11764705882352941, ""8"": 0.08823529411764706, ""1"": 0.058823529411764705, ""3"": 0.058823529411764705, ""5"": 0.029411764705882353, ""12"": 0.029411764705882353, ""7"": 0.029411764705882353, ""9"": 0.029411764705882353, ""4"": 0.029411764705882353}"
Power Hitter,Average Spin,22,"{""9"": 0.18181818181818182, ""5"": 0.13636363636363635, ""7"": 0.13636363636363635, ""13"": 0.13636363636363635, ""4"": 0.09090909090909091, ""6"": 0.09090909090909091, ""3"": 0.09090909090909091, ""8"": 0.09090909090909091, ""2"": 0.045454545454545456}"
Power Hitter,High Spin,2,"{""3"": 0.5, ""8"": 0.5}"
Contact Hitter,Average Spin,11052,"{""14"": 0.18204849800941006, ""13"": 0.14992761491132828, ""11"": 0.12296416938110749, ""12"": 0.0919290626131017, ""5"": 0.06080347448425624, ""8"": 0.055465074194715885, ""6"": 0.05392689106044155, ""9"": 0.05329352153456388, ""4"": 0.05130293159609121, ""7"": 0.049221860296778865, ""2"": 0.04876945349258053, ""1"": 0.04134998190372783, ""3"": 0.03899746652189649}"
Contact Hitter,High Spin,3608,"{""14"": 0.3156873614190687, ""13"": 0.11751662971175167, ""11"": 0.08093126385809313, ""9"": 0.07039911308203992, ""12"": 0.06236141906873614, ""5"": 0.058481152993348114, ""8"": 0.05598669623059867, ""6"": 0.05432372505543237, ""4"": 0.045454545454545456, ""2"": 0.041019955654102, ""7"": 0.03797117516629712, ""3"": 0.03048780487804878, ""1"": 0.029379157427937917}"
Power Hitter,Average Spin,1054,"{""5"": 0.17362428842504743, ""8"": 0.15749525616698293, ""6"": 0.10815939278937381, ""4"": 0.10815939278937381, ""2"": 0.08823529411764706, ""9"": 0.0777988614800759, ""7"": 0.07115749525616698, ""13"": 0.046489563567362426, ""1"": 0.04459203036053131, ""3"": 0.04364326375711575, ""14"": 0.04174573055028463, ""11"": 0.022770398481973434, ""12"": 0.016129032258064516}"
Power Hitter,High Spin,235,"{""5"": 0.23404255319148937, ""8"": 0.17446808510638298, ""6"": 0.11914893617021277, ""4"": 0.0851063829787234, ""9"": 0.08085106382978724, ""7"": 0.07234042553191489, ""2"": 0.06382978723404255, ""3"": 0.05106382978723404, ""13"": 0.03404255319148936, ""1"": 0.029787234042553193, ""14"": 0.029787234042553193, ""12"": 0.01702127659574468, ""11"": 0.00851063829787234}"
Contact Hitter,Average Spin,88822,"{""14.0"": 0.16889449443136903, ""13.0"": 0.13907501041654935, ""11.0"": 0.13297147554644656, ""12.0"": 0.09477370750329388, ""5.0"": 0.06332135899370503, ""4.0"": 0.056474589250121054, ""8.0"": 0.056249366561187376, ""6.0"": 0.05450389072195133, ""2.0"": 0.05109176698460603, ""9.0"": 0.05003322034661772, ""7.0"": 0.04796117160842783, ""1.0"": 0.046170651231405055, ""3.0"": 0.03847929640431977}"
Contact Hitter,High Spin,21924,"{""14.0"": 0.30049261083743845, ""13.0"": 0.1252964787447546, ""11.0"": 0.08465608465608465, ""9.0"": 0.06353767560664113, ""12.0"": 0.06239737274220033, ""5.0"": 0.06029921547162927, ""8.0"": 0.05742565225323846, ""6.0"": 0.05468892537858055, ""4.0"": 0.04789272030651341, ""2.0"": 0.0412789636927568, ""7.0"": 0.04082284254698048, ""1.0"": 0.03115307425652253, ""3.0"": 0.030058383506659368}"
Power Hitter,Average Spin,7810,"{""5.0"": 0.19641485275288093, ""8.0"": 0.13649167733674775, ""4.0"": 0.1148527528809219, ""6.0"": 0.1025608194622279, ""2.0"": 0.08348271446862997, ""7.0"": 0.07528809218950064, ""9.0"": 0.06542893725992317, ""1.0"": 0.05416133162612036, ""3.0"": 0.04519846350832266, ""13.0"": 0.043149807938540334, ""14.0"": 0.03085787451984635, ""11.0"": 0.029193341869398207, ""12.0"": 0.02291933418693982}"
Power Hitter,High Spin,1556,"{""5.0"": 0.19665809768637532, ""8.0"": 0.16323907455012854, ""6.0"": 0.11118251928020566, ""9.0"": 0.10089974293059126, ""4.0"": 0.09383033419023136, ""7.0"": 0.07455012853470437, ""2.0"": 0.06426735218508997, ""14.0"": 0.04820051413881748, ""13.0"": 0.042416452442159386, ""1.0"": 0.036632390745501286, ""3.0"": 0.032776349614395885, ""11.0"": 0.018637532133676093, ""12.0"": 0.016709511568123392}"
Contact Hitter,Average Spin,89793,"{""14.0"": 0.1721502011622709, ""13.0"": 0.13760616897630756, ""11.0"": 0.12993965131873045, ""12.0"": 0.0994859186410371, ""5.0"": 0.06399195350916406, ""4.0"": 0.056660706303084486, ""6.0"": 0.054894948591864105, ""8.0"": 0.05420205632543585, ""9.0"": 0.0508046490835941, ""2.0"": 0.05039114886008046, ""7.0"": 0.047094322753687974, ""1.0"": 0.04359633437639696, ""3.0"": 0.039181940098345996}"
Contact Hitter,High Spin,22840,"{""14.0"": 0.307399299474606, ""13.0"": 0.1250875656742557, ""11.0"": 0.0766199649737303, ""9.0"": 0.0675569176882662, ""12.0"": 0.06300350262697023, ""8.0"": 0.06155866900175131, ""5.0"": 0.06138353765323993, ""6.0"": 0.052320490367775835, ""4.0"": 0.04443957968476357, ""7.0"": 0.041243432574430826, ""2.0"": 0.03848511383537653, ""1.0"": 0.03248686514886165, ""3.0"": 0.028415061295971978}"
Power Hitter,Average Spin,7989,"{""5.0"": 0.19176367505319813, ""8.0"": 0.14232069095005634, ""4.0"": 0.11428213793966704, ""6.0"": 0.10439354111903867, ""7.0"": 0.08086118412817624, ""2.0"": 0.07447740643384654, ""9.0"": 0.06709225184628864, ""13.0"": 0.04756540242833897, ""1.0"": 0.04681436975841782, ""3.0"": 0.04656402553511078, ""14.0"": 0.03404681436975842, ""12.0"": 0.025535110777318813, ""11.0"": 0.024283389660783576}"
Power Hitter,High Spin,1625,"{""5.0"": 0.19692307692307692, ""8.0"": 0.16553846153846155, ""9.0"": 0.13046153846153846, ""6.0"": 0.11815384615384615, ""4.0"": 0.09846153846153846, ""7.0"": 0.06769230769230769, ""14.0"": 0.05169230769230769, ""2.0"": 0.05046153846153846, ""13.0"": 0.035076923076923075, ""1.0"": 0.027692307692307693, ""3.0"": 0.027692307692307693, ""11.0"": 0.016615384615384615, ""12.0"": 0.01353846153846154}"
Contact Hitter,Average Spin,84842,"{""14"": 0.17609202989085596, ""13"": 0.13249334056245726, ""11"": 0.1323283279507791, ""12"": 0.09742816058084439, ""5"": 0.0635416421112185, ""4"": 0.05665825888121449, ""6"": 0.05547959736922751, ""8"": 0.055173145376110885, ""2"": 0.05109497654463591, ""9"": 0.049727729190731006, ""1"": 0.04632139742108861, ""7"": 0.04522524221494071, ""3"": 0.038436151905895666}"
Contact Hitter,High Spin,22504,"{""14"": 0.313722004976893, ""13"": 0.11846782794169926, ""11"": 0.07563099893352293, ""9"": 0.07034305012442232, ""12"": 0.06314432989690721, ""8"": 0.05843405616779239, ""5"": 0.05834518307856381, ""6"": 0.05634553857092073, ""4"": 0.04772484891574831, ""2"": 0.0386153572698187, ""7"": 0.03830430145751866, ""3"": 0.031150017774617844, ""1"": 0.02977248489157483}"
Power Hitter,Average Spin,7520,"{""5"": 0.18976063829787235, ""8"": 0.14055851063829788, ""4"": 0.11835106382978723, ""6"": 0.10505319148936171, ""7"": 0.08138297872340426, ""2"": 0.08031914893617022, ""9"": 0.06648936170212766, ""1"": 0.045611702127659574, ""3"": 0.04375, ""13"": 0.04295212765957447, ""14"": 0.032446808510638296, ""11"": 0.029787234042553193, ""12"": 0.02353723404255319}"
Power Hitter,High Spin,1510,"{""5"": 0.18211920529801323, ""8"": 0.1728476821192053, ""6"": 0.10927152317880795, ""4"": 0.09933774834437085, ""9"": 0.09470198675496688, ""7"": 0.08609271523178808, ""2"": 0.0695364238410596, ""14"": 0.05364238410596026, ""13"": 0.045033112582781455, ""3"": 0.03708609271523179, ""1"": 0.024503311258278145, ""12"": 0.013245033112582781, ""11"": 0.012582781456953643}"
Contact Hitter,Average Spin,86428,"{""14.0"": 0.18447242344990394, ""13.0"": 0.14762654199550998, ""11.0"": 0.12515333163607748, ""12.0"": 0.0923461476149698, ""5.0"": 0.06222371375008679, ""8.0"": 0.05640289767861689, ""4.0"": 0.05581271553220543, ""6.0"": 0.052699794014858706, ""9.0"": 0.052352628046381376, ""7.0"": 0.0477931816603791, ""2.0"": 0.0467748281528456, ""1.0"": 0.04141690003934548, ""3.0"": 0.03492489642881941}"
Contact Hitter,High Spin,24072,"{""14.0"": 0.28929877035559987, ""13.0"": 0.130275839149219, ""11.0"": 0.08412263210368894, ""12.0"": 0.06983217015619807, ""9.0"": 0.06177301429046195, ""5.0"": 0.061731472249916916, ""8.0"": 0.058781987371219674, ""6.0"": 0.057161847789963444, ""4.0"": 0.04648554336989033, ""2.0"": 0.03963110667996012, ""7.0"": 0.039298770355599866, ""1.0"": 0.03165503489531406, ""3.0"": 0.029951811232967765}"
Power Hitter,Average Spin,7052,"{""5.0"": 0.18221781055019853, ""8.0"": 0.14506522972206468, ""4.0"": 0.11812251843448666, ""6.0"": 0.10351673284174702, ""7.0"": 0.08295519001701646, ""9.0"": 0.07983550765740216, ""2.0"": 0.07699943278502552, ""13.0"": 0.045802609188882584, ""1.0"": 0.04381735677821894, ""3.0"": 0.04381735677821894, ""14.0"": 0.036301758366420876, ""11.0"": 0.022546795235394216, ""12.0"": 0.019001701644923426}"
Power Hitter,High Spin,1548,"{""5.0"": 0.17506459948320413, ""8.0"": 0.1686046511627907, ""6.0"": 0.12338501291989665, ""9.0"": 0.09819121447028424, ""4.0"": 0.09237726098191215, ""7.0"": 0.07622739018087855, ""2.0"": 0.060723514211886306, ""14.0"": 0.05232558139534884, ""13.0"": 0.04263565891472868, ""3.0"": 0.037467700258397935, ""1.0"": 0.03488372093023256, ""12.0"": 0.025193798449612403, ""11.0"": 0.012919896640826873}"
Contact Hitter,Average Spin,84809,"{""14.0"": 0.19384241681013137, ""13.0"": 0.1422069193217461, ""11.0"": 0.12311628894182015, ""12.0"": 0.09145579322217767, ""5.0"": 0.061634789991274204, ""4.0"": 0.05603377119543428, ""8.0"": 0.05477206801405561, ""6.0"": 0.05387590500672122, ""9.0"": 0.05378157205858076, ""7.0"": 0.047661722047968307, ""2.0"": 0.045433106148149896, ""1.0"": 0.040209419144871826, ""3.0"": 0.0359762280970686}"
Contact Hitter,High Spin,23710,"{""14.0"": 0.2944749051033319, ""13.0"": 0.13078869675242513, ""11.0"": 0.0828764234500211, ""12.0"": 0.06600590468156896, ""9.0"": 0.061619569801771405, ""5.0"": 0.06056516237874315, ""8.0"": 0.060101223112610715, ""6.0"": 0.052678194854491774, ""4.0"": 0.04504428511176719, ""2.0"": 0.039730071699704765, ""7.0"": 0.03943483762125685, ""1.0"": 0.03479544495993252, ""3.0"": 0.03188528047237452}"
Power Hitter,Average Spin,7245,"{""5.0"": 0.189648033126294, ""8.0"": 0.14589371980676327, ""6.0"": 0.11414768806073154, ""4.0"": 0.11193926846100759, ""7.0"": 0.08599033816425121, ""9.0"": 0.08074534161490683, ""2.0"": 0.0673567977915804, ""13.0"": 0.04472049689440994, ""3.0"": 0.042374051069703246, ""1.0"": 0.03795721187025535, ""14.0"": 0.03712905452035887, ""11.0"": 0.022498274672187717, ""12.0"": 0.019599723947550034}"
Power Hitter,High Spin,1500,"{""8.0"": 0.17866666666666667, ""5.0"": 0.17333333333333334, ""6.0"": 0.11933333333333333, ""9.0"": 0.098, ""4.0"": 0.094, ""2.0"": 0.068, ""7.0"": 0.056666666666666664, ""14.0"": 0.056, ""13.0"": 0.050666666666666665, ""3.0"": 0.038, ""1.0"": 0.03266666666666666, ""12.0"": 0.019333333333333334, ""11.0"": 0.015333333333333332}"
