idfg,season,name,team,age,games,plate_appearances,at_bats,hits,doubles,triples,home_runs,runs,rbi,bb_percent,k_percent,walks,strikeouts,stolen_bases,caught_stealing,batting_average,on_base_percentage,slugging_percentage,ops,wrc_plus,iso,babip,ld_percent,gb_percent,fb_percent,hard_hit_percent
15640,2024,Aaron Judge,NYY,32,158,704,559,180,36,1,58,122,144,0.18899999999999997,0.243,133,171,10,0,0.322,0.458,0.701,1.159,218,0.379,0.367,0.233,0.305,0.462,0.609
25764,2024,Bobby Witt Jr.,KCR,24,161,709,636,211,45,11,32,125,109,0.08,0.15,57,106,31,12,0.332,0.389,0.588,0.977,168,0.256,0.354,0.18600000000000003,0.37,0.444,0.48100000000000004
19755,2024,Shohei Ohtani,LAD,29,159,731,636,197,38,7,54,134,130,0.111,0.222,81,162,59,4,0.31,0.39,0.646,1.036,181,0.336,0.336,0.23600000000000002,0.36,0.40399999999999997,0.595
20123,2024,Juan Soto,NYY,25,157,713,576,166,31,4,41,128,109,0.18100000000000002,0.16699999999999998,129,119,7,4,0.288,0.419,0.569,0.989,180,0.281,0.298,0.204,0.436,0.36,0.568
26289,2024,Gunnar Henderson,BAL,23,159,719,630,177,31,7,37,118,92,0.10800000000000001,0.221,78,159,21,4,0.281,0.364,0.529,0.893,155,0.248,0.32,0.20600000000000002,0.467,0.326,0.539
12916,2024,Francisco Lindor,NYM,30,152,689,618,169,39,1,33,107,91,0.081,0.184,56,127,29,4,0.273,0.344,0.5,0.844,137,0.227,0.295,0.223,0.345,0.43200000000000005,0.474
24617,2024,Jarren Duran,BOS,27,160,735,671,191,48,14,21,111,75,0.073,0.218,54,160,34,7,0.285,0.342,0.492,0.834,129,0.207,0.345,0.183,0.466,0.35200000000000004,0.43700000000000006
13510,2024,Jose Ramirez,CLE,31,158,682,620,173,39,2,39,114,118,0.079,0.12,54,82,41,7,0.279,0.335,0.537,0.872,141,0.258,0.265,0.16899999999999998,0.342,0.489,0.396
26668,2024,Elly De La Cruz,CIN,22,160,696,618,160,36,10,25,105,76,0.099,0.313,69,218,67,16,0.259,0.339,0.471,0.809,118,0.212,0.359,0.207,0.46299999999999997,0.33,0.457
13613,2024,Ketel Marte,ARI,30,136,583,504,147,23,2,36,93,95,0.111,0.182,65,106,7,1,0.292,0.372,0.56,0.932,151,0.268,0.299,0.17300000000000001,0.48100000000000004,0.34600000000000003,0.5329999999999999
19611,2024,Vladimir Guerrero Jr.,TOR,25,159,697,616,199,44,1,30,98,103,0.10300000000000001,0.138,72,96,2,2,0.323,0.396,0.544,0.94,165,0.221,0.342,0.185,0.48100000000000004,0.33399999999999996,0.5479999999999999
16505,2024,Matt Chapman,SFG,31,154,647,575,142,39,2,27,98,78,0.099,0.244,64,158,15,2,0.247,0.328,0.463,0.79,121,0.216,0.293,0.162,0.384,0.45299999999999996,0.48200000000000004
20503,2024,William Contreras,MIL,26,155,679,595,167,37,2,23,99,92,0.115,0.205,78,139,9,2,0.281,0.365,0.466,0.831,131,0.185,0.33,0.166,0.545,0.29,0.49
21534,2024,Cal Raleigh,SEA,27,153,628,546,120,16,0,34,73,100,0.111,0.28,70,176,6,1,0.22,0.312,0.436,0.748,117,0.216,0.251,0.17,0.311,0.519,0.48100000000000004
19556,2024,Yordan Alvarez,HOU,27,147,635,552,170,34,2,35,88,86,0.109,0.15,69,95,6,0,0.308,0.392,0.567,0.959,168,0.259,0.317,0.191,0.33299999999999996,0.47600000000000003,0.49700000000000005
29490,2024,Jackson Merrill,SDP,21,156,593,554,162,31,6,24,77,90,0.049,0.17,29,101,16,3,0.292,0.326,0.5,0.826,130,0.208,0.318,0.239,0.359,0.40299999999999997,0.439
11579,2024,Bryce Harper,PHI,31,145,631,550,157,42,0,30,85,87,0.12,0.21899999999999997,76,138,7,4,0.285,0.373,0.525,0.898,145,0.24,0.331,0.22699999999999998,0.377,0.396,0.47200000000000003
19627,2024,Brent Rooker,OAK,29,145,614,546,160,26,2,39,82,112,0.096,0.28800000000000003,59,177,11,3,0.293,0.365,0.562,0.927,164,0.269,0.362,0.212,0.332,0.456,0.496
15986,2024,Willy Adames,MIL,28,161,688,610,153,33,0,32,93,112,0.10800000000000001,0.251,74,173,21,4,0.251,0.331,0.462,0.794,119,0.211,0.297,0.18899999999999997,0.314,0.498,0.405
10324,2024,Marcell Ozuna,ATL,33,162,688,606,183,31,0,39,96,104,0.10800000000000001,0.247,74,170,1,0,0.302,0.378,0.546,0.925,154,0.244,0.359,0.23600000000000002,0.38,0.384,0.5329999999999999
13624,2024,Corey Seager,TEX,30,123,533,475,132,21,0,30,68,74,0.099,0.18,53,96,1,1,0.278,0.353,0.512,0.864,140,0.234,0.291,0.165,0.41200000000000003,0.423,0.496
13611,2024,Mookie Betts,LAD,31,116,516,450,130,24,5,19,75,75,0.11800000000000001,0.11,61,57,16,2,0.289,0.372,0.491,0.863,141,0.202,0.294,0.244,0.27,0.486,0.39299999999999996
14162,2024,Carlos Correa,MIN,29,86,367,319,99,20,2,14,55,54,0.109,0.166,40,61,0,0,0.31,0.388,0.517,0.905,155,0.207,0.343,0.20199999999999999,0.435,0.363,0.445
10815,2024,Jurickson Profar,SDP,31,158,668,564,158,29,0,24,94,85,0.114,0.151,76,101,10,3,0.28,0.38,0.459,0.839,139,0.179,0.302,0.198,0.42200000000000004,0.379,0.442
18314,2024,Dansby Swanson,CHC,30,149,593,534,129,27,2,16,82,66,0.091,0.243,54,144,19,3,0.242,0.312,0.39,0.701,99,0.148,0.3,0.168,0.499,0.33299999999999996,0.425
27478,2024,Patrick Bailey,SFG,25,121,448,401,94,16,1,8,46,46,0.087,0.223,39,100,4,0,0.234,0.298,0.339,0.637,81,0.105,0.287,0.263,0.391,0.345,0.424
18345,2024,Kyle Tucker,HOU,27,78,339,277,80,13,0,23,56,49,0.165,0.159,56,54,11,0,0.289,0.408,0.585,0.993,180,0.296,0.282,0.196,0.28,0.524,0.44299999999999995
12533,2024,Marcus Semien,TEX,33,159,718,650,154,27,2,23,101,74,0.08900000000000001,0.146,64,105,8,3,0.237,0.308,0.391,0.699,99,0.154,0.25,0.179,0.396,0.425,0.35200000000000004
17350,2024,Rafael Devers,BOS,27,138,601,525,143,34,5,28,87,83,0.111,0.245,67,147,3,0,0.272,0.354,0.516,0.871,134,0.244,0.323,0.22399999999999998,0.409,0.36700000000000005,0.523
24610,2024,Steven Kwan,CLE,26,122,540,480,140,16,3,14,83,44,0.098,0.094,53,51,12,5,0.292,0.368,0.425,0.793,131,0.133,0.304,0.242,0.363,0.39399999999999996,0.237
17678,2024,Alex Bregman,HOU,30,145,634,581,151,30,2,26,79,75,0.069,0.136,44,86,3,1,0.26,0.315,0.453,0.768,118,0.193,0.264,0.182,0.365,0.45299999999999996,0.401
5361,2024,Freddie Freeman,LAD,34,147,638,542,153,35,2,22,81,89,0.122,0.157,78,100,9,2,0.282,0.378,0.476,0.854,137,0.194,0.306,0.22699999999999998,0.387,0.387,0.41600000000000004
25976,2024,Riley Greene,DET,23,137,584,512,134,27,6,24,82,74,0.11,0.267,64,156,4,2,0.262,0.348,0.479,0.827,135,0.217,0.329,0.218,0.436,0.34600000000000003,0.462
29591,2024,Colton Cowser,BAL,24,153,561,499,121,24,3,24,77,69,0.09300000000000001,0.307,52,172,9,4,0.242,0.321,0.447,0.768,120,0.204,0.317,0.17300000000000001,0.435,0.392,0.452
20454,2024,Jazz Chisholm Jr.,- - -,26,147,621,562,144,21,4,24,74,73,0.085,0.245,53,152,40,10,0.256,0.324,0.436,0.76,110,0.18,0.309,0.16,0.489,0.35100000000000003,0.408
25878,2024,Corbin Carroll,ARI,23,158,684,589,136,22,14,22,121,74,0.107,0.19,73,130,35,8,0.231,0.322,0.428,0.749,107,0.197,0.256,0.16699999999999998,0.441,0.392,0.406
16252,2024,Trea Turner,PHI,31,121,539,505,149,25,0,21,88,62,0.05,0.182,27,98,19,4,0.295,0.338,0.469,0.807,124,0.174,0.331,0.162,0.473,0.365,0.402
28806,2024,Jackson Chourio,MIL,20,148,573,528,145,29,4,21,80,79,0.068,0.21100000000000002,39,121,22,7,0.275,0.327,0.464,0.791,117,0.189,0.32,0.20199999999999999,0.483,0.315,0.446
5417,2024,Jose Altuve,HOU,34,153,682,628,185,31,0,20,94,65,0.069,0.174,47,119,22,7,0.295,0.35,0.439,0.79,127,0.145,0.337,0.24600000000000002,0.419,0.335,0.31
21479,2024,Nico Hoerner,CHC,27,151,641,582,159,35,1,7,86,48,0.069,0.10300000000000001,44,66,31,6,0.273,0.335,0.373,0.708,103,0.1,0.297,0.24100000000000002,0.44299999999999995,0.316,0.27399999999999997
12552,2024,Eugenio Suarez,ARI,32,158,640,571,146,28,2,30,90,101,0.077,0.275,49,176,2,1,0.256,0.319,0.469,0.788,115,0.214,0.309,0.23600000000000002,0.32799999999999996,0.436,0.424
23697,2024,Julio Rodriguez,SEA,23,143,613,567,155,17,0,20,76,68,0.062,0.254,38,156,24,5,0.273,0.325,0.409,0.734,116,0.136,0.344,0.20600000000000002,0.44299999999999995,0.35100000000000003,0.48200000000000004
14161,2024,Byron Buxton,MIN,30,102,388,355,99,27,3,18,62,56,0.052000000000000005,0.255,20,99,7,2,0.279,0.335,0.524,0.859,142,0.245,0.338,0.24,0.295,0.465,0.48100000000000004
25479,2024,Brenton Doyle,COL,26,149,603,542,141,24,4,23,82,72,0.076,0.254,46,153,30,5,0.26,0.317,0.446,0.764,97,0.186,0.316,0.2,0.41,0.39,0.409
24064,2024,Ezequiel Tovar,COL,22,157,695,655,176,45,4,26,83,78,0.033,0.28800000000000003,23,200,6,5,0.269,0.295,0.469,0.763,95,0.2,0.344,0.213,0.32799999999999996,0.45899999999999996,0.397
30116,2024,Seiya Suzuki,CHC,29,132,585,512,145,27,6,21,74,73,0.10800000000000001,0.27399999999999997,63,160,16,6,0.283,0.366,0.482,0.848,138,0.199,0.37,0.19399999999999998,0.337,0.469,0.489
11493,2024,Manny Machado,SDP,31,152,643,593,163,30,0,29,77,105,0.07,0.193,45,124,11,2,0.275,0.325,0.472,0.797,122,0.197,0.302,0.18,0.439,0.381,0.488
17919,2024,Ian Happ,CHC,29,153,657,569,138,34,2,25,89,86,0.122,0.256,80,168,13,2,0.243,0.341,0.441,0.782,122,0.199,0.299,0.192,0.391,0.418,0.449
27479,2024,Masyn Winn,STL,22,150,637,587,157,32,5,15,85,57,0.064,0.171,41,109,11,5,0.267,0.314,0.416,0.73,103,0.148,0.303,0.22,0.406,0.374,0.327
13066,2024,Teoscar Hernandez,LAD,31,154,652,589,160,32,2,33,84,99,0.081,0.28800000000000003,53,188,12,3,0.272,0.339,0.501,0.84,134,0.229,0.344,0.16899999999999998,0.465,0.366,0.467
21618,2024,Alec Bohm,PHI,27,143,606,554,155,44,2,15,62,97,0.066,0.142,40,86,5,2,0.28,0.332,0.448,0.779,115,0.168,0.305,0.21100000000000002,0.46,0.32899999999999996,0.451
21711,2024,Oneil Cruz,PIT,25,146,599,541,140,34,3,21,72,76,0.085,0.302,51,181,22,1,0.259,0.324,0.449,0.773,110,0.19,0.347,0.184,0.478,0.33799999999999997,0.5489999999999999
31347,2024,Zach Neto,LAA,23,155,602,542,135,34,1,23,70,77,0.065,0.233,39,140,30,10,0.249,0.318,0.443,0.761,114,0.194,0.295,0.17300000000000001,0.441,0.386,0.386
16478,2024,Kyle Schwarber,PHI,31,150,692,573,142,22,0,38,110,104,0.153,0.285,106,197,5,3,0.248,0.366,0.485,0.851,135,0.237,0.301,0.182,0.41700000000000004,0.401,0.5489999999999999
20036,2024,Isaac Paredes,- - -,25,153,641,542,129,25,1,19,64,80,0.11900000000000001,0.16399999999999998,76,105,1,1,0.238,0.346,0.393,0.739,117,0.155,0.259,0.237,0.305,0.45799999999999996,0.271
27562,2024,Austin Wells,NYY,24,115,414,354,81,18,1,13,42,55,0.114,0.21,47,87,1,2,0.229,0.322,0.395,0.718,105,0.167,0.261,0.2,0.36700000000000005,0.433,0.389
27647,2024,Anthony Volpe,NYY,23,160,689,637,155,27,7,12,90,60,0.061,0.226,42,156,28,7,0.243,0.293,0.364,0.657,86,0.121,0.303,0.21100000000000002,0.502,0.287,0.349
14551,2024,Anthony Santander,BAL,29,155,665,595,140,25,2,44,91,102,0.087,0.19399999999999998,58,129,2,0,0.235,0.308,0.506,0.814,129,0.271,0.225,0.14400000000000002,0.308,0.5479999999999999,0.414
22542,2024,Lawrence Butler,OAK,23,125,451,412,108,24,2,22,63,57,0.078,0.239,35,108,18,0,0.262,0.317,0.49,0.807,130,0.228,0.301,0.185,0.43799999999999994,0.377,0.474
19918,2024,Daulton Varsho,TOR,27,136,513,459,98,21,7,18,73,58,0.094,0.267,48,137,10,2,0.214,0.293,0.407,0.7,99,0.194,0.262,0.15,0.322,0.529,0.33299999999999996
19709,2024,Fernando Tatis Jr.,SDP,25,102,438,398,110,21,1,21,64,49,0.073,0.21899999999999997,32,96,11,3,0.276,0.34,0.492,0.833,135,0.216,0.316,0.198,0.462,0.34,0.5539999999999999
7304,2024,Salvador Perez,KCR,34,158,652,590,160,28,0,27,58,104,0.067,0.198,44,129,0,0,0.271,0.33,0.456,0.786,115,0.185,0.302,0.221,0.33399999999999996,0.445,0.442
24679,2024,Brendan Donovan,STL,27,153,652,587,163,34,3,14,65,73,0.07200000000000001,0.124,47,81,5,5,0.278,0.342,0.417,0.759,115,0.14,0.3,0.213,0.418,0.369,0.376
18363,2024,Victor Robles,- - -,27,91,295,254,78,20,0,4,44,28,0.071,0.18,21,53,34,2,0.307,0.381,0.433,0.814,141,0.126,0.37,0.242,0.405,0.353,0.28600000000000003
23772,2024,Wilyer Abreu,BOS,25,132,447,399,101,33,2,15,59,58,0.08900000000000001,0.28,40,125,8,3,0.253,0.322,0.459,0.781,114,0.206,0.326,0.19,0.337,0.473,0.498
23003,2024,Yainer Diaz,HOU,25,148,619,585,175,29,3,16,70,84,0.039,0.17300000000000001,24,107,2,0,0.299,0.325,0.441,0.766,117,0.142,0.338,0.22399999999999998,0.512,0.263,0.469
26368,2024,J.J. Bleday,OAK,26,159,642,572,139,43,4,20,74,60,0.10400000000000001,0.195,67,125,2,3,0.243,0.324,0.437,0.762,120,0.194,0.279,0.182,0.341,0.478,0.36200000000000004
20391,2024,Luis Garcia Jr.,WSN,24,140,528,500,141,25,1,18,58,70,0.051,0.163,27,86,22,5,0.282,0.318,0.444,0.762,111,0.162,0.31,0.2,0.474,0.325,0.41200000000000003
25493,2024,Joey Ortiz,MIL,25,142,511,440,105,25,6,11,58,60,0.11,0.20199999999999999,56,103,11,6,0.239,0.329,0.398,0.726,104,0.159,0.283,0.14400000000000002,0.488,0.368,0.382
9777,2024,Nolan Arenado,STL,33,152,635,578,157,23,0,16,70,71,0.069,0.145,44,92,2,2,0.272,0.325,0.394,0.719,102,0.123,0.296,0.213,0.396,0.391,0.312
17338,2024,Willi Castro,MIN,27,158,635,558,138,31,5,12,89,60,0.08,0.23600000000000002,51,150,14,9,0.247,0.331,0.385,0.717,108,0.138,0.315,0.21899999999999997,0.40299999999999997,0.37799999999999995,0.361
11477,2024,Christian Yelich,MIL,32,73,315,270,85,12,3,11,44,42,0.127,0.184,40,58,21,1,0.315,0.406,0.504,0.909,153,0.189,0.366,0.19,0.545,0.265,0.465
11899,2024,Joc Pederson,ARI,32,132,449,367,101,17,1,23,62,64,0.122,0.23399999999999999,55,105,7,4,0.275,0.393,0.515,0.908,151,0.24,0.322,0.205,0.392,0.40299999999999997,0.45399999999999996
26208,2024,Tyler Fitzgerald,SFG,26,96,341,314,88,19,2,15,53,34,0.065,0.317,22,108,17,4,0.28,0.334,0.497,0.831,132,0.217,0.38,0.228,0.327,0.446,0.314
13419,2024,Christian Walker,ARI,33,130,552,479,120,26,0,26,72,84,0.1,0.24100000000000002,55,133,2,2,0.251,0.335,0.468,0.803,119,0.217,0.287,0.153,0.379,0.469,0.48
17988,2024,Tyler Stephenson,CIN,27,138,515,457,118,26,1,19,69,66,0.09300000000000001,0.22699999999999998,48,117,1,0,0.258,0.338,0.444,0.782,112,0.186,0.307,0.19,0.474,0.336,0.439
21622,2024,Jake McCarthy,ARI,26,142,495,442,126,13,7,8,66,56,0.063,0.158,31,78,25,6,0.285,0.349,0.4,0.749,110,0.115,0.329,0.205,0.504,0.29100000000000004,0.245
2396,2024,Carlos Santana,MIN,38,150,594,521,124,26,0,23,63,71,0.109,0.16699999999999998,65,99,4,0,0.238,0.328,0.42,0.749,114,0.182,0.252,0.172,0.387,0.441,0.39899999999999997
22184,2024,Mark Vientos,NYM,24,111,454,413,110,22,0,27,58,71,0.073,0.297,33,135,0,0,0.266,0.322,0.516,0.837,133,0.249,0.324,0.198,0.442,0.36,0.466
33333,2024,Wyatt Langford,TEX,22,134,557,499,126,25,4,16,74,74,0.092,0.20600000000000002,51,115,19,3,0.253,0.325,0.415,0.74,110,0.162,0.296,0.18100000000000002,0.40299999999999997,0.41600000000000004,0.434
27815,2024,Jordan Westburg,BAL,25,107,447,416,110,26,5,18,57,63,0.049,0.217,22,97,6,3,0.264,0.312,0.481,0.792,125,0.216,0.305,0.19399999999999998,0.419,0.38799999999999996,0.461
19566,2024,Nathaniel Lowe,TEX,28,140,565,486,129,16,1,16,62,69,0.126,0.221,71,125,2,0,0.265,0.361,0.401,0.762,121,0.136,0.324,0.23,0.47700000000000004,0.293,0.395
21523,2024,Jonathan India,CIN,27,151,637,533,132,28,2,15,84,58,0.126,0.196,80,125,13,2,0.248,0.357,0.392,0.75,108,0.144,0.293,0.217,0.42200000000000004,0.361,0.36200000000000004
7802,2024,Miguel Rojas,LAD,35,103,337,307,87,21,0,6,41,36,0.068,0.10099999999999999,23,34,8,2,0.283,0.337,0.41,0.748,111,0.127,0.301,0.23199999999999998,0.48200000000000004,0.287,0.27399999999999997
26396,2024,Josh Smith,TEX,26,149,592,523,135,30,1,13,67,62,0.078,0.204,46,121,11,2,0.258,0.337,0.394,0.731,111,0.136,0.311,0.237,0.387,0.377,0.369
26288,2024,Adley Rutschman,BAL,26,148,638,571,143,21,1,19,68,79,0.091,0.161,58,103,1,0,0.25,0.318,0.391,0.709,104,0.14,0.272,0.225,0.345,0.429,0.364
21636,2024,Jeremy Pena,HOU,26,157,650,602,160,28,2,15,78,70,0.038,0.171,25,111,20,6,0.266,0.308,0.394,0.701,100,0.128,0.301,0.192,0.494,0.315,0.38799999999999996
22581,2024,Alejandro Kirk,TOR,25,103,386,340,86,19,1,5,23,54,0.091,0.132,35,51,0,0,0.253,0.319,0.359,0.677,94,0.106,0.276,0.218,0.45299999999999996,0.32899999999999996,0.406
19950,2024,Andres Gimenez,CLE,25,152,633,583,147,22,1,9,64,63,0.040999999999999995,0.153,26,97,30,5,0.252,0.298,0.34,0.638,83,0.087,0.286,0.205,0.503,0.292,0.285
19197,2024,Will Smith,LAD,29,128,544,476,118,24,2,20,77,75,0.094,0.193,51,105,1,1,0.248,0.327,0.433,0.76,111,0.185,0.273,0.193,0.331,0.47600000000000003,0.409
17548,2024,Taylor Ward,LAA,30,156,663,585,144,26,2,25,73,75,0.095,0.24600000000000002,63,163,6,4,0.246,0.323,0.426,0.748,111,0.179,0.294,0.223,0.326,0.451,0.42100000000000004
12927,2024,Brandon Nimmo,NYM,31,151,663,571,128,25,3,23,88,90,0.11599999999999999,0.23800000000000002,77,158,15,0,0.224,0.327,0.399,0.727,109,0.175,0.267,0.2,0.42100000000000004,0.38,0.474
27769,2024,Pete Crow-Armstrong,CHC,22,123,410,372,88,13,6,10,46,47,0.051,0.239,21,98,27,3,0.237,0.286,0.384,0.67,87,0.148,0.292,0.19899999999999998,0.375,0.425,0.368
11609,2024,Willson Contreras,STL,32,84,358,301,79,17,0,15,48,36,0.126,0.268,45,96,4,1,0.262,0.38,0.468,0.848,140,0.206,0.337,0.215,0.415,0.371,0.46799999999999997
14344,2024,Matt Olson,ATL,30,162,685,600,148,37,1,29,78,98,0.10400000000000001,0.248,71,170,0,0,0.247,0.333,0.457,0.79,117,0.21,0.293,0.21100000000000002,0.359,0.43,0.474
21558,2024,Matt Vierling,DET,27,144,567,518,133,28,5,16,80,57,0.07200000000000001,0.213,41,121,6,1,0.257,0.312,0.423,0.735,108,0.166,0.303,0.201,0.42100000000000004,0.37799999999999995,0.39799999999999996
27506,2024,Ha-seong Kim,SDP,28,121,470,403,94,16,3,11,60,47,0.12300000000000001,0.16399999999999998,58,77,22,5,0.233,0.33,0.37,0.7,101,0.136,0.261,0.17600000000000002,0.39799999999999996,0.426,0.354
29931,2024,Jacob Young,WSN,24,150,521,468,120,24,1,3,75,36,0.057999999999999996,0.196,30,102,33,10,0.256,0.316,0.331,0.648,85,0.075,0.321,0.231,0.526,0.243,0.289
15711,2024,Tyler O'Neill,BOS,29,113,473,411,99,18,0,31,74,61,0.11199999999999999,0.336,53,159,4,0,0.241,0.336,0.511,0.847,131,0.27,0.305,0.17300000000000001,0.358,0.469,0.484
10231,2024,Jose Iglesias,NYM,34,85,291,270,91,16,1,4,39,26,0.040999999999999995,0.134,12,39,6,2,0.337,0.381,0.448,0.83,137,0.111,0.382,0.237,0.48700000000000004,0.276,0.306
22664,2024,Gabriel Moreno,ARI,24,97,351,305,81,18,1,5,39,45,0.11699999999999999,0.14800000000000002,41,52,3,1,0.266,0.353,0.38,0.734,107,0.115,0.303,0.184,0.496,0.32,0.41
19608,2024,Otto Lopez,MIA,25,117,434,403,109,23,1,6,49,39,0.057999999999999996,0.17300000000000001,25,75,20,4,0.27,0.313,0.377,0.69,91,0.107,0.318,0.209,0.536,0.255,0.384
22186,2024,Brice Turang,MIL,24,155,619,559,142,24,4,7,72,57,0.081,0.17,50,105,50,6,0.254,0.316,0.349,0.665,87,0.095,0.3,0.214,0.525,0.261,0.294
25961,2024,Kerry Carpenter,DET,26,87,296,264,75,16,5,18,37,57,0.07400000000000001,0.253,22,75,0,2,0.284,0.345,0.587,0.932,160,0.303,0.328,0.177,0.375,0.44799999999999995,0.451
13301,2024,Max Muncy,LAD,33,73,293,237,55,17,0,15,47,48,0.154,0.263,45,77,1,0,0.232,0.358,0.494,0.852,135,0.262,0.265,0.205,0.253,0.542,0.434
18360,2024,Austin Riley,ATL,27,110,469,425,109,26,2,19,63,56,0.079,0.252,37,118,0,0,0.256,0.322,0.461,0.783,116,0.205,0.31,0.21,0.359,0.43,0.534
20202,2024,Brandon Marsh,PHI,26,135,476,418,104,17,3,16,55,60,0.105,0.324,50,154,19,3,0.249,0.328,0.419,0.747,108,0.17,0.348,0.24,0.382,0.37799999999999995,0.474
18042,2024,Dylan Moore,SEA,31,135,441,368,74,23,4,10,53,42,0.12,0.27899999999999997,53,123,32,6,0.201,0.32,0.367,0.687,105,0.166,0.267,0.192,0.29600000000000004,0.512,0.363
22515,2024,Heliot Ramos,SFG,24,121,518,475,128,23,3,22,54,72,0.071,0.261,37,135,6,1,0.269,0.322,0.469,0.792,120,0.2,0.329,0.201,0.43,0.369,0.474
19354,2024,Luke Raley,SEA,29,137,455,404,98,19,2,22,58,58,0.059000000000000004,0.297,27,135,11,2,0.243,0.32,0.463,0.783,129,0.22,0.305,0.188,0.441,0.37200000000000005,0.418
18839,2024,Josh Naylor,CLE,27,152,633,563,137,27,0,31,84,108,0.092,0.166,58,105,6,2,0.243,0.32,0.456,0.776,118,0.213,0.246,0.171,0.46799999999999997,0.361,0.408
26319,2024,Michael Busch,CHC,26,152,567,496,123,28,2,21,73,65,0.111,0.28600000000000003,63,162,2,1,0.248,0.335,0.44,0.775,119,0.192,0.322,0.205,0.392,0.40399999999999997,0.39899999999999997
17929,2024,Cedric Mullins,BAL,29,147,499,444,104,16,3,18,69,54,0.08199999999999999,0.196,41,98,32,6,0.234,0.305,0.405,0.71,105,0.171,0.261,0.174,0.337,0.488,0.327
22266,2024,Xavier Edwards,MIA,24,70,303,265,87,12,5,1,39,26,0.109,0.172,33,52,31,4,0.328,0.397,0.423,0.82,128,0.094,0.398,0.22699999999999998,0.507,0.265,0.239
18882,2024,Brandon Lowe,TBR,29,107,425,385,94,19,3,21,56,58,0.078,0.264,33,112,5,1,0.244,0.311,0.473,0.783,123,0.229,0.287,0.215,0.36700000000000005,0.418,0.447
19238,2024,Lourdes Gurriel Jr.,ARI,30,133,553,513,143,22,2,18,72,75,0.052000000000000005,0.183,29,101,7,1,0.279,0.322,0.435,0.757,108,0.156,0.313,0.21100000000000002,0.379,0.41,0.39799999999999996
15998,2024,Cody Bellinger,CHC,28,130,569,516,137,23,3,18,72,78,0.079,0.156,45,89,9,2,0.266,0.325,0.426,0.751,109,0.161,0.287,0.16899999999999998,0.37,0.461,0.324
20352,2024,Ernie Clement,TOR,28,139,452,434,114,21,3,12,48,51,0.024,0.091,11,41,12,3,0.263,0.284,0.408,0.692,94,0.145,0.266,0.201,0.382,0.41700000000000004,0.247
19452,2024,Jake Rogers,DET,29,102,337,310,61,16,1,10,43,36,0.065,0.294,22,99,1,0,0.197,0.255,0.352,0.607,71,0.155,0.251,0.16399999999999998,0.408,0.42700000000000005,0.413
26466,2024,Matt Wallner,MIN,26,75,261,220,57,17,1,13,26,37,0.092,0.364,24,95,3,0,0.259,0.372,0.523,0.894,155,0.264,0.389,0.222,0.302,0.47600000000000003,0.532
20599,2024,Ivan Herrera,STL,24,72,259,229,69,12,1,5,37,27,0.09699999999999999,0.205,25,53,5,0,0.301,0.372,0.428,0.8,127,0.127,0.37,0.27,0.433,0.298,0.419
19326,2024,Bryan Reynolds,PIT,29,156,692,622,171,29,3,24,73,88,0.08199999999999999,0.225,57,156,10,2,0.275,0.344,0.447,0.791,118,0.172,0.33,0.22,0.45799999999999996,0.322,0.452
19251,2024,Pete Alonso,NYM,29,162,695,608,146,31,0,34,91,88,0.10099999999999999,0.247,70,172,3,0,0.24,0.329,0.459,0.788,122,0.219,0.276,0.157,0.42100000000000004,0.42100000000000004,0.45899999999999996
23800,2024,Parker Meadows,DET,24,82,298,270,66,12,6,9,39,28,0.084,0.255,25,76,9,4,0.244,0.31,0.433,0.743,111,0.189,0.306,0.196,0.325,0.479,0.311
18036,2024,Jake Cronenworth,SDP,30,155,656,577,139,29,3,17,72,83,0.09300000000000001,0.18,61,118,5,2,0.241,0.324,0.39,0.714,105,0.149,0.274,0.196,0.435,0.37,0.365
24729,2024,Logan O'Hoppe,LAA,24,136,522,479,117,17,1,20,64,56,0.063,0.297,33,155,2,3,0.244,0.303,0.409,0.712,101,0.165,0.318,0.243,0.37799999999999995,0.37799999999999995,0.46299999999999997
16512,2024,Isiah Kiner-Falefa,- - -,29,133,496,465,125,18,4,8,53,43,0.032,0.157,16,78,11,2,0.269,0.306,0.376,0.683,93,0.108,0.307,0.20800000000000002,0.474,0.318,0.29100000000000004
11739,2024,J.T. Realmuto,PHI,33,99,413,380,101,18,1,14,50,47,0.065,0.247,27,102,2,2,0.266,0.322,0.429,0.751,109,0.163,0.328,0.21899999999999997,0.44799999999999995,0.33299999999999996,0.45899999999999996
25816,2024,Shea Langeliers,OAK,26,137,534,482,108,18,2,29,58,80,0.077,0.272,41,145,4,2,0.224,0.288,0.45,0.739,109,0.226,0.252,0.187,0.373,0.44,0.44
25931,2024,Michael Harris II,ATL,23,110,470,440,116,14,3,16,58,48,0.049,0.2,23,94,10,6,0.264,0.304,0.418,0.722,99,0.155,0.3,0.207,0.494,0.299,0.47
22799,2024,Geraldo Perdomo,ARI,24,98,388,337,92,21,2,3,61,37,0.09300000000000001,0.149,36,58,9,1,0.273,0.344,0.374,0.718,101,0.101,0.317,0.188,0.413,0.39899999999999997,0.258
12161,2024,Xander Bogaerts,SDP,31,111,463,428,113,15,1,11,50,44,0.06,0.171,28,79,13,3,0.264,0.307,0.381,0.688,95,0.117,0.297,0.177,0.479,0.344,0.33
20308,2024,Jake Meyers,HOU,28,148,513,461,101,20,3,13,51,61,0.068,0.228,35,117,11,3,0.219,0.286,0.36,0.646,86,0.141,0.263,0.18100000000000002,0.43,0.389,0.368
26477,2024,Spencer Horwitz,TOR,26,97,381,328,87,19,0,12,46,40,0.11,0.184,42,70,0,0,0.265,0.357,0.433,0.79,127,0.168,0.3,0.21,0.42700000000000005,0.363,0.363
16578,2024,Yandy Diaz,TBR,32,145,621,563,158,31,1,14,55,65,0.081,0.153,50,95,0,0,0.281,0.341,0.414,0.755,120,0.133,0.314,0.174,0.547,0.28,0.485
25768,2024,CJ Abrams,WSN,23,138,602,541,133,29,6,20,79,65,0.066,0.213,40,128,31,12,0.246,0.314,0.433,0.747,107,0.187,0.285,0.182,0.4,0.41700000000000004,0.40399999999999997
14968,2024,Victor Caratini,HOU,30,87,274,245,66,8,1,8,30,30,0.084,0.193,23,53,0,1,0.269,0.336,0.408,0.744,113,0.139,0.31,0.205,0.49700000000000005,0.297,0.431
17022,2024,Edmundo Sosa,PHI,28,90,274,249,64,12,4,7,39,31,0.047,0.24100000000000002,13,66,7,1,0.257,0.313,0.422,0.734,103,0.165,0.32,0.196,0.44,0.364,0.406
15112,2024,Ryan McMahon,COL,29,153,645,567,137,28,0,20,68,65,0.107,0.287,69,185,4,6,0.242,0.325,0.397,0.722,89,0.155,0.32,0.195,0.49,0.315,0.49
19290,2024,Randy Arozarena,- - -,29,154,648,549,120,33,0,20,77,60,0.113,0.261,73,169,20,10,0.219,0.332,0.388,0.72,114,0.169,0.275,0.14400000000000002,0.446,0.41,0.435
26121,2024,Francisco Alvarez,NYM,22,100,342,308,73,14,2,11,39,47,0.08800000000000001,0.251,30,86,1,1,0.237,0.307,0.403,0.71,102,0.166,0.291,0.161,0.522,0.317,0.42
21840,2024,Freddy Fermin,KCR,29,111,368,339,92,14,0,6,40,36,0.063,0.179,23,66,2,0,0.271,0.319,0.366,0.685,91,0.094,0.319,0.201,0.489,0.31,0.33899999999999997
26294,2024,Bryson Stott,PHI,26,148,571,506,124,19,2,11,65,57,0.09300000000000001,0.163,53,93,32,3,0.245,0.315,0.356,0.671,88,0.111,0.275,0.2,0.431,0.369,0.308
19734,2024,Josh Rojas,SEA,30,143,476,422,95,19,2,8,48,31,0.09699999999999999,0.22699999999999998,46,108,10,4,0.225,0.304,0.336,0.641,91,0.111,0.282,0.184,0.39399999999999996,0.42200000000000004,0.376
23401,2024,Jose Caballero,TBR,27,139,483,441,100,24,1,9,53,44,0.055999999999999994,0.275,27,133,44,16,0.227,0.283,0.347,0.63,83,0.12,0.301,0.233,0.39899999999999997,0.369,0.252
17452,2024,Jose Siri,TBR,28,130,448,402,75,16,1,18,50,47,0.069,0.379,31,170,14,7,0.187,0.255,0.366,0.62,78,0.179,0.261,0.174,0.396,0.43,0.413
27555,2024,Garrett Mitchell,MIL,25,69,224,196,50,12,3,8,33,21,0.11199999999999999,0.317,25,71,11,4,0.255,0.342,0.469,0.812,126,0.214,0.359,0.217,0.5579999999999999,0.225,0.37
7739,2024,Travis d'Arnaud,ATL,35,99,341,307,73,16,0,15,40,48,0.07,0.261,24,89,1,0,0.238,0.302,0.436,0.739,103,0.199,0.28,0.18,0.46399999999999997,0.35600000000000004,0.41
27899,2024,Colt Keith,DET,22,148,556,516,134,15,4,13,54,61,0.065,0.198,36,110,7,1,0.26,0.309,0.38,0.689,97,0.12,0.306,0.213,0.444,0.34299999999999997,0.35
13620,2024,Carson Kelly,- - -,29,91,313,281,67,9,1,9,32,37,0.08,0.17600000000000002,25,55,0,0,0.238,0.313,0.374,0.687,99,0.135,0.266,0.145,0.46299999999999997,0.392,0.38799999999999996
24934,2024,David Fry,CLE,28,122,392,335,88,18,1,14,44,51,0.107,0.214,42,84,4,1,0.263,0.356,0.448,0.804,129,0.185,0.307,0.22399999999999998,0.335,0.441,0.374
16442,2024,Ryan O'Hearn,BAL,30,142,494,443,117,21,3,15,60,59,0.09300000000000001,0.14,46,69,3,1,0.264,0.334,0.427,0.761,119,0.163,0.282,0.19399999999999998,0.406,0.401,0.39799999999999996
21454,2024,Lars Nootbaar,STL,26,109,405,348,85,18,3,12,39,45,0.128,0.195,52,79,7,3,0.244,0.342,0.417,0.758,114,0.172,0.281,0.18100000000000002,0.517,0.303,0.495
24618,2024,Ryan Jeffers,MIN,27,122,465,412,93,22,0,21,56,64,0.069,0.20199999999999999,32,94,3,0,0.226,0.3,0.432,0.732,107,0.206,0.238,0.17300000000000001,0.39299999999999996,0.433,0.335
16997,2024,Gleyber Torres,NYY,27,154,665,587,151,26,0,15,80,63,0.098,0.205,65,136,4,3,0.257,0.33,0.378,0.709,104,0.121,0.306,0.22899999999999998,0.36700000000000005,0.40399999999999997,0.354
18015,2024,Paul DeJong,- - -,30,139,482,445,101,17,0,24,54,56,0.048,0.324,23,156,2,2,0.227,0.276,0.427,0.703,95,0.2,0.285,0.228,0.316,0.456,0.41200000000000003
27531,2024,David Hamilton,BOS,26,98,317,294,73,17,1,8,47,28,0.069,0.252,22,80,33,4,0.248,0.303,0.395,0.697,92,0.146,0.316,0.20600000000000002,0.368,0.426,0.322
14854,2024,Mike Yastrzemski,SFG,33,140,474,428,99,16,9,18,60,57,0.08,0.262,38,124,3,2,0.231,0.302,0.437,0.739,106,0.206,0.282,0.183,0.359,0.45799999999999996,0.408
5517,2024,Kyle Higashioka,SDP,34,84,263,246,54,10,1,17,29,45,0.057,0.281,15,74,2,0,0.22,0.263,0.476,0.739,105,0.256,0.237,0.193,0.281,0.526,0.374
19921,2024,Blake Perkins,MIL,27,121,434,383,92,13,2,6,54,43,0.09699999999999999,0.249,42,108,23,5,0.24,0.316,0.332,0.647,83,0.091,0.313,0.159,0.474,0.36700000000000005,0.377
16725,2024,Jose Trevino,NYY,31,74,234,209,45,5,0,8,26,28,0.085,0.175,20,41,1,0,0.215,0.288,0.354,0.642,83,0.139,0.228,0.165,0.45299999999999996,0.382,0.35100000000000003
15491,2024,J.P. Crawford,SEA,29,105,451,392,79,16,2,9,55,37,0.115,0.226,52,102,5,0,0.202,0.304,0.321,0.625,89,0.12,0.248,0.18,0.457,0.363,0.375
21865,2024,Bo Naylor,CLE,24,123,389,354,71,10,2,13,39,39,0.075,0.314,29,122,6,3,0.201,0.264,0.35,0.614,74,0.15,0.262,0.175,0.35,0.474,0.373
10243,2024,Randal Grichuk,ARI,32,106,279,254,74,20,2,12,40,46,0.07200000000000001,0.165,20,46,0,0,0.291,0.348,0.528,0.875,139,0.236,0.313,0.18100000000000002,0.36700000000000005,0.452,0.47600000000000003
21501,2024,Trevor Larnach,MIN,27,112,400,355,92,17,0,15,59,52,0.1,0.223,40,89,4,1,0.259,0.338,0.434,0.771,121,0.175,0.304,0.187,0.44,0.373,0.451
27676,2024,Vinnie Pasquantino,KCR,26,131,554,496,130,30,2,19,64,97,0.07200000000000001,0.128,40,71,1,0,0.262,0.315,0.446,0.76,108,0.183,0.265,0.17600000000000002,0.395,0.429,0.45799999999999996
27684,2024,Michael Massey,KCR,26,100,356,332,86,17,2,14,45,45,0.042,0.157,15,56,1,0,0.259,0.294,0.449,0.743,102,0.19,0.271,0.183,0.385,0.43200000000000005,0.369
18373,2024,Ryan Mountcastle,BAL,27,124,507,473,128,30,2,13,54,63,0.053,0.225,27,114,3,0,0.271,0.308,0.425,0.733,108,0.154,0.327,0.21600000000000003,0.444,0.34,0.452
19955,2024,Gavin Lux,LAD,26,139,487,439,110,24,2,10,59,50,0.09,0.226,44,110,5,2,0.251,0.32,0.383,0.703,100,0.132,0.312,0.215,0.486,0.299,0.41100000000000003
29622,2024,Sal Frelick,MIL,24,145,524,475,123,22,4,2,66,32,0.07400000000000001,0.149,39,78,18,3,0.259,0.32,0.335,0.655,86,0.076,0.306,0.187,0.47700000000000004,0.336,0.19399999999999998
19858,2024,Luis Rengifo,LAA,27,78,304,283,85,13,1,6,41,30,0.053,0.145,16,44,24,7,0.3,0.347,0.417,0.763,117,0.117,0.339,0.205,0.5479999999999999,0.247,0.325
22275,2024,Jake Burger,MIA,28,137,579,535,134,23,1,29,68,76,0.054000000000000006,0.259,31,150,1,1,0.25,0.301,0.46,0.76,106,0.209,0.292,0.152,0.442,0.406,0.46799999999999997
19913,2024,Jesus Sanchez,MIA,26,149,537,489,123,25,1,18,60,64,0.076,0.261,41,140,16,2,0.252,0.313,0.417,0.731,100,0.166,0.315,0.203,0.503,0.294,0.509
11368,2024,Yasmani Grandal,PIT,35,72,243,215,49,10,0,9,26,27,0.099,0.18899999999999997,24,46,1,0,0.228,0.304,0.4,0.704,95,0.172,0.248,0.17600000000000002,0.45899999999999996,0.365,0.428
17696,2024,Kevin Newman,ARI,30,111,311,288,80,17,1,3,41,28,0.048,0.154,15,48,8,1,0.278,0.311,0.375,0.686,89,0.097,0.322,0.22,0.48100000000000004,0.299,0.23399999999999999
21614,2024,Kyle Isbel,KCR,27,136,426,384,88,13,8,8,62,42,0.063,0.207,27,88,11,2,0.229,0.287,0.367,0.654,81,0.138,0.276,0.16899999999999998,0.498,0.332,0.363
29766,2024,Zack Gelof,OAK,24,138,547,497,105,20,2,17,60,49,0.069,0.344,38,188,25,3,0.211,0.27,0.362,0.632,82,0.151,0.296,0.196,0.424,0.379,0.37200000000000005
20287,2024,Ben Rortvedt,TBR,26,112,328,290,66,13,0,3,27,31,0.10400000000000001,0.268,34,88,1,0,0.228,0.317,0.303,0.621,87,0.076,0.317,0.209,0.46299999999999997,0.32799999999999996,0.307
21524,2024,Joey Bart,PIT,27,80,282,253,67,11,0,13,38,45,0.078,0.259,22,73,0,0,0.265,0.337,0.462,0.799,121,0.198,0.321,0.182,0.475,0.34299999999999997,0.387
13590,2024,Jesse Winker,- - -,30,145,508,430,109,23,0,14,63,58,0.124,0.209,63,106,14,4,0.253,0.36,0.405,0.764,118,0.151,0.304,0.21600000000000003,0.451,0.33299999999999996,0.368
18126,2024,LaMonte Wade Jr.,SFG,30,117,401,331,86,16,0,8,45,34,0.155,0.22399999999999998,62,90,2,1,0.26,0.38,0.381,0.761,119,0.121,0.331,0.218,0.39899999999999997,0.38299999999999995,0.43700000000000006
16376,2024,Michael Conforto,SFG,31,130,488,438,104,27,3,20,56,66,0.086,0.242,42,118,0,1,0.237,0.309,0.45,0.759,112,0.212,0.277,0.17600000000000002,0.418,0.406,0.45799999999999996
26323,2024,Spencer Steer,CIN,26,158,656,574,129,34,4,20,74,92,0.11,0.209,72,137,25,3,0.225,0.319,0.402,0.721,96,0.178,0.26,0.183,0.374,0.44299999999999995,0.39899999999999997
24816,2024,Andy Pages,LAD,23,116,443,403,100,23,1,13,65,46,0.065,0.244,29,108,1,2,0.248,0.305,0.407,0.712,100,0.159,0.304,0.22399999999999998,0.321,0.455,0.4
16939,2024,Lane Thomas,- - -,28,130,528,472,112,26,3,15,65,63,0.083,0.259,44,137,32,14,0.237,0.309,0.4,0.709,99,0.163,0.298,0.209,0.385,0.406,0.406
27490,2024,Nick Gonzales,PIT,25,94,387,359,97,19,3,7,42,49,0.047,0.191,18,74,5,3,0.27,0.311,0.398,0.709,94,0.128,0.319,0.228,0.42200000000000004,0.349,0.366
16556,2024,Ozzie Albies,ATL,27,99,435,399,100,29,1,10,52,53,0.062,0.149,27,65,8,1,0.251,0.303,0.404,0.707,95,0.153,0.274,0.18,0.385,0.435,0.32
15362,2024,Jeff McNeil,NYM,32,129,472,424,101,26,0,12,57,44,0.07400000000000001,0.14400000000000002,35,68,5,1,0.238,0.308,0.384,0.692,97,0.146,0.256,0.19399999999999998,0.39299999999999996,0.413,0.308
24589,2024,Richie Palacios,TBR,27,92,316,264,59,8,1,5,46,21,0.142,0.212,45,67,19,1,0.223,0.346,0.318,0.664,101,0.095,0.28,0.268,0.379,0.354,0.302
18030,2024,Harrison Bader,NYM,30,143,437,402,95,19,0,12,57,51,0.048,0.217,21,95,17,8,0.236,0.284,0.373,0.657,85,0.137,0.276,0.21100000000000002,0.428,0.361,0.35100000000000003
24488,2024,Max Schuemann,OAK,27,133,459,396,87,14,0,7,55,34,0.102,0.259,47,119,14,1,0.22,0.311,0.308,0.619,85,0.088,0.292,0.21899999999999997,0.36,0.42100000000000004,0.374
19296,2024,Alex Call,WSN,29,30,113,99,34,9,0,3,15,14,0.106,0.168,12,19,5,1,0.343,0.425,0.525,0.95,167,0.182,0.403,0.213,0.43799999999999994,0.35,0.325
13770,2024,Rob Refsnyder,BOS,33,93,307,272,77,16,1,11,32,40,0.091,0.254,28,78,2,2,0.283,0.359,0.471,0.83,130,0.188,0.359,0.215,0.456,0.32799999999999996,0.429
29518,2024,James Wood,WSN,21,79,336,295,78,13,4,9,43,41,0.11599999999999999,0.289,39,97,14,8,0.264,0.354,0.427,0.781,120,0.163,0.365,0.222,0.556,0.222,0.52
20437,2024,Royce Lewis,MIN,25,82,325,292,68,16,0,16,40,47,0.086,0.228,28,74,0,0,0.233,0.295,0.452,0.747,108,0.219,0.251,0.18,0.36,0.45899999999999996,0.377
5235,2024,Justin Turner,- - -,39,139,539,460,119,24,0,11,59,55,0.109,0.17600000000000002,59,95,0,2,0.259,0.354,0.383,0.737,117,0.124,0.299,0.255,0.325,0.419,0.325
13675,2024,Tyrone Taylor,NYM,30,130,345,319,79,22,3,7,47,35,0.055,0.23199999999999998,19,80,11,2,0.248,0.299,0.401,0.701,98,0.154,0.309,0.215,0.38,0.405,0.349
12856,2024,George Springer,TOR,34,145,614,545,120,19,3,19,74,56,0.098,0.187,60,115,16,1,0.22,0.303,0.371,0.674,95,0.15,0.245,0.16399999999999998,0.507,0.32899999999999996,0.37
16530,2024,Mauricio Dubon,HOU,29,137,428,402,108,25,0,4,45,47,0.037000000000000005,0.129,16,55,3,2,0.269,0.296,0.361,0.657,87,0.092,0.299,0.21,0.425,0.365,0.265
24336,2024,Johan Rojas,PHI,23,120,363,338,82,12,3,3,47,32,0.036000000000000004,0.19,13,69,25,4,0.243,0.279,0.322,0.601,68,0.08,0.297,0.115,0.5710000000000001,0.314,0.27399999999999997
14221,2024,Jorge Soler,- - -,32,142,574,493,119,34,1,21,84,64,0.11800000000000001,0.24600000000000002,68,141,1,0,0.241,0.338,0.442,0.78,119,0.201,0.293,0.16,0.379,0.461,0.43700000000000006
20538,2024,Jose Miranda,MIN,26,121,429,401,114,28,4,9,44,49,0.042,0.154,18,66,2,2,0.284,0.322,0.441,0.763,115,0.157,0.318,0.192,0.38299999999999995,0.425,0.389
19896,2024,Connor Wong,BOS,28,126,487,447,125,24,1,13,54,52,0.057,0.23399999999999999,28,114,8,7,0.28,0.333,0.425,0.758,110,0.145,0.348,0.207,0.435,0.359,0.342
18568,2024,Luis Arraez,- - -,27,150,672,637,200,32,3,4,83,46,0.036000000000000004,0.043,24,29,9,3,0.314,0.346,0.392,0.739,109,0.078,0.324,0.265,0.414,0.321,0.231
15274,2024,Mike Tauchman,CHC,33,109,350,298,74,12,1,7,50,29,0.134,0.2,47,70,6,2,0.248,0.357,0.366,0.723,111,0.117,0.302,0.188,0.397,0.415,0.406
9218,2024,Paul Goldschmidt,STL,36,154,654,599,147,33,1,22,70,65,0.07200000000000001,0.265,47,173,11,0,0.245,0.302,0.414,0.716,100,0.169,0.308,0.213,0.43,0.35700000000000004,0.48100000000000004
22857,2024,Wenceel Perez,DET,24,112,425,389,94,16,6,9,51,37,0.075,0.21600000000000003,32,92,9,5,0.242,0.3,0.383,0.683,95,0.141,0.294,0.233,0.348,0.419,0.303
18900,2024,Leody Taveras,TEX,25,151,529,480,110,17,3,12,59,44,0.079,0.212,42,112,23,6,0.229,0.289,0.352,0.641,82,0.123,0.272,0.19,0.39799999999999996,0.41200000000000003,0.349
23690,2024,Brayan Rocchio,CLE,23,143,442,383,79,18,0,8,50,36,0.1,0.204,44,90,10,6,0.206,0.298,0.316,0.614,79,0.11,0.245,0.19699999999999998,0.457,0.34600000000000003,0.223
19392,2024,Zach McKinstry,DET,29,118,325,297,64,14,5,4,32,23,0.07400000000000001,0.212,24,69,16,0,0.215,0.277,0.337,0.614,75,0.121,0.265,0.249,0.32799999999999996,0.424,0.326
22715,2024,Maikel Garcia,KCR,24,157,626,575,133,27,5,7,84,58,0.067,0.165,42,103,37,2,0.231,0.281,0.332,0.614,69,0.101,0.268,0.201,0.493,0.307,0.426
22557,2024,Michael Siani,STL,24,124,334,298,68,7,2,2,42,20,0.063,0.275,21,92,20,3,0.228,0.285,0.285,0.57,64,0.057,0.322,0.17300000000000001,0.5710000000000001,0.255,0.22
10155,2024,Mike Trout,LAA,32,29,126,109,24,1,2,10,17,14,0.127,0.214,16,27,6,1,0.22,0.325,0.541,0.867,139,0.321,0.194,0.195,0.244,0.561,0.415
24703,2024,Jonah Bride,MIA,28,71,272,232,64,10,0,11,30,39,0.11,0.20199999999999999,30,55,0,1,0.276,0.357,0.461,0.818,123,0.185,0.306,0.163,0.473,0.364,0.337
18401,2024,Ronald Acuna Jr.,ATL,26,49,222,192,48,8,1,4,38,15,0.122,0.239,27,53,16,3,0.25,0.351,0.365,0.716,105,0.115,0.326,0.21600000000000003,0.511,0.273,0.475
19953,2024,Josh Lowe,TBR,26,106,387,353,85,19,2,10,37,34,0.083,0.318,32,123,25,1,0.241,0.302,0.391,0.693,98,0.15,0.338,0.22,0.36200000000000004,0.418,0.461
11445,2024,Mark Canha,- - -,35,125,462,393,95,20,0,7,46,42,0.11,0.20800000000000002,51,96,7,0,0.242,0.344,0.346,0.69,102,0.104,0.298,0.16899999999999998,0.493,0.33799999999999997,0.374
12144,2024,Max Kepler,MIN,31,105,399,368,93,21,1,8,43,42,0.055,0.201,22,80,1,0,0.253,0.302,0.38,0.682,94,0.128,0.3,0.21,0.35200000000000004,0.43799999999999994,0.366
19892,2024,Pavin Smith,ARI,28,60,158,137,37,11,0,9,26,36,0.114,0.196,18,31,1,0,0.27,0.348,0.547,0.896,142,0.277,0.28,0.193,0.431,0.376,0.44
13723,2024,Jacob Stallings,COL,34,82,281,243,64,17,1,9,31,36,0.096,0.231,27,65,0,0,0.263,0.357,0.453,0.81,114,0.189,0.324,0.19,0.45299999999999996,0.358,0.344
17128,2024,Ramon Laureano,- - -,29,98,309,286,74,16,1,11,35,33,0.049,0.311,15,96,8,3,0.259,0.311,0.437,0.748,108,0.178,0.35,0.24100000000000002,0.387,0.37200000000000005,0.40299999999999997
18795,2024,Ramon Urias,BAL,30,100,301,272,69,9,2,11,39,37,0.076,0.183,23,55,1,1,0.254,0.322,0.423,0.745,115,0.169,0.28,0.17,0.44,0.39,0.381
19260,2024,Jake Fraley,CIN,29,116,382,350,97,19,2,5,44,26,0.068,0.183,26,70,20,5,0.277,0.33,0.386,0.716,95,0.109,0.331,0.244,0.442,0.314,0.247
19470,2024,Tommy Edman,LAD,29,37,153,139,33,5,1,6,20,20,0.07200000000000001,0.196,11,30,6,0,0.237,0.294,0.417,0.711,98,0.18,0.257,0.171,0.45,0.37799999999999995,0.35100000000000003
24262,2024,Ceddanne Rafaela,BOS,23,152,571,544,134,23,5,15,70,75,0.026000000000000002,0.264,15,151,19,10,0.246,0.274,0.39,0.664,79,0.143,0.312,0.21100000000000002,0.42,0.369,0.36700000000000005
21707,2024,Oswaldo Cabrera,NYY,25,109,326,299,74,11,0,8,47,36,0.064,0.193,21,63,4,2,0.247,0.296,0.365,0.661,88,0.117,0.286,0.203,0.43,0.36700000000000005,0.349
26365,2024,Jonny Deluca,TBR,25,107,362,332,72,12,4,6,29,31,0.066,0.213,24,77,16,6,0.217,0.278,0.331,0.609,77,0.114,0.265,0.204,0.37200000000000005,0.424,0.28
19339,2024,Nicky Lopez,CHW,29,124,445,398,96,12,3,1,40,21,0.083,0.151,37,67,5,7,0.241,0.312,0.294,0.606,77,0.053,0.288,0.177,0.561,0.262,0.16899999999999998
4949,2024,Giancarlo Stanton,NYY,34,114,459,417,97,20,0,27,49,72,0.083,0.312,38,143,0,0,0.233,0.298,0.475,0.773,116,0.242,0.281,0.174,0.38799999999999996,0.43799999999999994,0.551
31837,2024,Masataka Yoshida,BOS,30,108,421,378,106,21,0,10,45,56,0.064,0.124,27,52,2,0,0.28,0.349,0.415,0.765,115,0.135,0.302,0.21600000000000003,0.42700000000000005,0.35700000000000004,0.375
8623,2024,Donovan Solano,SDP,36,96,309,283,81,13,0,8,31,35,0.071,0.21,22,65,2,1,0.286,0.343,0.417,0.76,118,0.131,0.346,0.228,0.44299999999999995,0.32899999999999996,0.37
17907,2024,Brendan Rodgers,COL,27,135,539,501,134,29,1,13,67,54,0.057999999999999996,0.245,31,132,1,0,0.267,0.314,0.407,0.721,88,0.14,0.338,0.183,0.561,0.256,0.43799999999999994
4940,2024,Jason Heyward,- - -,34,87,258,228,48,12,2,10,33,37,0.085,0.205,22,53,5,0,0.211,0.288,0.412,0.7,94,0.202,0.226,0.152,0.517,0.331,0.413
17273,2024,Jorge Mateo,BAL,29,68,208,192,44,14,2,5,30,18,0.048,0.231,10,48,13,2,0.229,0.267,0.401,0.668,87,0.172,0.275,0.179,0.434,0.386,0.349
15905,2024,Luis Torrens,NYM,28,48,130,118,27,8,0,3,14,15,0.069,0.215,9,28,0,1,0.229,0.292,0.373,0.665,90,0.144,0.273,0.264,0.429,0.308,0.462
18819,2024,Andy Ibanez,DET,31,99,244,224,54,9,1,5,30,32,0.061,0.258,15,63,2,3,0.241,0.295,0.357,0.652,87,0.116,0.31,0.215,0.337,0.44799999999999995,0.325
19352,2024,Sean Murphy,ATL,29,72,264,233,45,5,1,10,19,25,0.102,0.254,27,67,0,0,0.193,0.284,0.352,0.636,78,0.159,0.223,0.126,0.539,0.335,0.365
13185,2024,Orlando Arcia,ATL,29,157,602,551,120,24,0,17,50,46,0.068,0.213,41,128,2,0,0.218,0.271,0.354,0.625,72,0.136,0.249,0.151,0.491,0.358,0.37799999999999995
9774,2024,Christian Vazquez,MIN,33,93,315,294,65,10,0,7,29,27,0.035,0.20600000000000002,11,65,3,1,0.221,0.248,0.327,0.575,60,0.105,0.257,0.207,0.392,0.401,0.361
27493,2024,Rece Hinds,CIN,23,24,51,46,12,4,1,5,9,11,0.078,0.314,4,16,2,0,0.261,0.333,0.717,1.051,175,0.457,0.28,0.133,0.3,0.5670000000000001,0.4
29554,2024,Adrian Del Castillo,ARI,24,25,87,80,25,5,0,4,12,19,0.08,0.322,7,28,1,1,0.313,0.368,0.525,0.893,146,0.213,0.438,0.196,0.353,0.451,0.34600000000000003
18123,2024,Nathan Lukes,TOR,29,22,91,76,23,4,2,1,13,10,0.11,0.099,10,9,1,0,0.303,0.371,0.447,0.818,132,0.145,0.319,0.261,0.391,0.348,0.278
17954,2024,Sam Hilliard,COL,30,58,158,138,33,5,1,10,26,27,0.08900000000000001,0.354,14,56,5,2,0.239,0.305,0.507,0.812,107,0.268,0.311,0.18100000000000002,0.386,0.434,0.511
22054,2024,Dane Myers,MIA,28,44,108,95,25,6,1,3,17,19,0.07400000000000001,0.33299999999999996,8,36,4,1,0.263,0.333,0.442,0.775,112,0.179,0.379,0.18,0.44299999999999995,0.377,0.475
33189,2024,Nolan Schanuel,LAA,22,147,607,519,130,19,0,13,62,54,0.11199999999999999,0.17,68,103,10,1,0.25,0.343,0.362,0.706,104,0.112,0.285,0.233,0.461,0.306,0.253
10472,2024,Enrique Hernandez,LAD,32,126,393,362,83,16,0,12,44,42,0.069,0.196,27,77,0,0,0.229,0.281,0.373,0.654,83,0.144,0.257,0.196,0.36,0.444,0.41200000000000003
10681,2024,Gio Urshela,- - -,32,128,461,432,108,19,1,9,34,52,0.05,0.156,23,72,0,0,0.25,0.286,0.361,0.647,81,0.111,0.278,0.23600000000000002,0.45899999999999996,0.305,0.282
21693,2024,Miguel Amaya,CHC,25,117,363,328,76,13,2,8,32,47,0.063,0.171,23,62,0,0,0.232,0.288,0.357,0.644,83,0.125,0.261,0.20199999999999999,0.434,0.363,0.33899999999999997
19844,2024,Abraham Toro,OAK,27,94,364,337,81,17,1,6,34,26,0.055,0.17,20,62,4,2,0.24,0.293,0.35,0.643,87,0.11,0.279,0.193,0.444,0.364,0.292
21646,2024,Rafael Marchan,PHI,25,17,56,51,15,4,0,3,8,6,0.054000000000000006,0.14300000000000002,3,8,0,0,0.294,0.345,0.549,0.894,146,0.255,0.3,0.326,0.302,0.37200000000000005,0.273
22514,2024,Triston Casas,BOS,24,63,243,212,51,8,0,13,28,32,0.12300000000000001,0.317,30,77,0,1,0.241,0.337,0.462,0.8,119,0.222,0.311,0.193,0.42200000000000004,0.385,0.452
29634,2024,Will Wagner,TOR,25,24,86,82,25,6,0,2,8,11,0.047,0.18600000000000003,4,16,0,0,0.305,0.337,0.451,0.788,125,0.146,0.359,0.242,0.53,0.22699999999999998,0.5
24257,2024,Jhonkensy Noel,CLE,22,67,198,179,39,7,1,13,25,28,0.066,0.318,13,63,0,0,0.218,0.288,0.486,0.774,118,0.268,0.25,0.162,0.35,0.48700000000000004,0.368
27615,2024,Alec Burleson,STL,25,152,595,547,147,20,0,21,71,78,0.059000000000000004,0.128,35,76,9,4,0.269,0.314,0.42,0.735,106,0.152,0.276,0.215,0.41700000000000004,0.368,0.41
12564,2024,Trevor Story,BOS,31,26,106,94,24,7,0,2,8,10,0.10400000000000001,0.311,11,33,6,3,0.255,0.34,0.394,0.733,101,0.138,0.373,0.23,0.344,0.426,0.295
6184,2024,J.D. Martinez,NYM,36,120,495,434,102,24,1,16,46,69,0.099,0.285,49,141,0,0,0.235,0.32,0.406,0.725,108,0.171,0.308,0.19699999999999998,0.38299999999999995,0.42,0.455
28163,2024,Junior Caminero,TBR,20,43,177,165,41,9,1,6,15,18,0.062,0.215,11,38,2,0,0.248,0.299,0.424,0.724,105,0.176,0.289,0.134,0.48,0.386,0.457
9241,2024,Starling Marte,NYM,35,94,370,335,90,13,3,7,46,40,0.073,0.21899999999999997,27,81,16,1,0.269,0.327,0.388,0.715,104,0.119,0.333,0.268,0.504,0.228,0.429
23782,2024,Leo Jimenez,TOR,23,63,210,179,41,11,0,4,18,19,0.057,0.281,12,59,0,0,0.229,0.329,0.358,0.686,102,0.128,0.311,0.215,0.413,0.37200000000000005,0.317
16535,2024,Danny Jansen,- - -,29,94,324,278,57,13,0,9,35,24,0.12300000000000001,0.188,40,61,0,0,0.205,0.309,0.349,0.658,90,0.144,0.227,0.16399999999999998,0.305,0.532,0.29100000000000004
17027,2024,Alex Verdugo,NYY,28,149,621,559,130,28,1,13,74,61,0.079,0.15,49,93,2,1,0.233,0.291,0.356,0.647,83,0.123,0.253,0.16899999999999998,0.493,0.33799999999999997,0.349
21538,2024,Nick Fortes,MIA,27,110,335,308,70,16,0,4,28,29,0.033,0.122,11,41,0,1,0.227,0.259,0.318,0.577,57,0.091,0.246,0.165,0.43200000000000005,0.402,0.226
9847,2024,Andrew McCutchen,PIT,37,120,515,448,104,18,1,20,66,50,0.113,0.258,58,133,3,2,0.232,0.328,0.411,0.739,105,0.179,0.283,0.17,0.41,0.42,0.363
19779,2024,Dairon Blanco,KCR,31,88,132,120,31,4,0,4,37,13,0.061,0.242,8,32,31,7,0.258,0.308,0.392,0.699,94,0.133,0.318,0.111,0.469,0.42,0.374
25660,2024,Will Brennan,CLE,26,114,353,330,87,13,2,8,37,30,0.054000000000000006,0.136,19,48,4,2,0.264,0.309,0.388,0.697,98,0.124,0.287,0.217,0.41600000000000004,0.36700000000000005,0.325
11680,2024,Elias Diaz,- - -,33,96,351,325,86,20,0,6,27,39,0.057,0.19699999999999998,20,69,0,0,0.265,0.313,0.382,0.695,81,0.117,0.317,0.182,0.519,0.298,0.341
16572,2024,Connor Joe,PIT,31,123,416,364,83,22,1,9,49,36,0.106,0.21899999999999997,44,91,2,2,0.228,0.32,0.368,0.688,92,0.14,0.278,0.149,0.429,0.42200000000000004,0.32
22558,2024,Jarred Kelenic,ATL,24,131,449,412,95,18,2,15,49,45,0.071,0.29600000000000004,32,133,7,2,0.231,0.286,0.393,0.679,86,0.163,0.3,0.248,0.35100000000000003,0.401,0.449
18564,2024,Trent Grisham,NYY,27,76,209,179,34,8,0,9,21,31,0.105,0.273,22,57,1,1,0.19,0.29,0.385,0.675,91,0.196,0.217,0.127,0.364,0.508,0.46
12434,2024,Kevin Pillar,- - -,35,100,314,284,65,16,1,8,38,45,0.051,0.22,16,69,12,3,0.229,0.291,0.377,0.667,88,0.148,0.271,0.188,0.353,0.45899999999999996,0.297
25782,2024,Pedro Pages,STL,25,68,218,202,48,3,2,7,19,27,0.06,0.266,13,58,2,0,0.238,0.281,0.376,0.657,83,0.139,0.295,0.192,0.43200000000000005,0.377,0.401
20043,2024,Luis Robert Jr.,CHW,26,100,425,393,88,19,0,14,47,35,0.066,0.332,28,141,23,6,0.224,0.278,0.379,0.657,84,0.155,0.31,0.20199999999999999,0.387,0.41100000000000003,0.406
14813,2024,Kyle Farmer,MIN,33,107,242,215,46,13,1,5,26,25,0.079,0.20199999999999999,19,49,3,5,0.214,0.293,0.353,0.647,85,0.14,0.252,0.185,0.363,0.452,0.292
33541,2024,Dylan Crews,WSN,22,31,132,119,26,5,1,3,12,8,0.083,0.19699999999999998,11,26,12,3,0.218,0.288,0.353,0.641,80,0.134,0.253,0.106,0.574,0.319,0.447
12158,2024,Austin Barnes,LAD,34,54,156,140,37,3,0,1,12,11,0.09,0.231,14,36,3,0,0.264,0.331,0.307,0.638,86,0.043,0.35,0.221,0.49,0.28800000000000003,0.311
26123,2024,Brett Baty,NYM,24,50,171,153,35,3,0,4,15,16,0.094,0.24600000000000002,16,42,0,0,0.229,0.306,0.327,0.633,83,0.098,0.29,0.145,0.536,0.318,0.33
27735,2024,Brett Wisely,SFG,25,91,272,252,60,13,1,4,25,31,0.048,0.239,13,65,2,3,0.238,0.278,0.345,0.623,75,0.107,0.301,0.172,0.409,0.419,0.313
19262,2024,Garrett Hampson,KCR,29,113,231,213,49,13,1,0,16,16,0.061,0.255,14,59,7,2,0.23,0.275,0.3,0.576,59,0.07,0.314,0.19899999999999998,0.364,0.43700000000000006,0.304
12147,2024,Nick Ahmed,- - -,34,71,228,210,48,6,1,2,20,17,0.048,0.22399999999999998,11,51,2,1,0.229,0.267,0.295,0.562,59,0.067,0.288,0.172,0.439,0.389,0.23
19358,2024,Weston Wilson,PHI,29,41,98,88,25,7,1,3,13,10,0.08199999999999999,0.29600000000000004,8,29,3,0,0.284,0.347,0.489,0.836,130,0.205,0.386,0.2,0.36700000000000005,0.433,0.5
19964,2024,Eguy Rosario,SDP,24,30,57,53,13,6,0,3,5,6,0.035,0.35100000000000003,2,20,0,0,0.245,0.286,0.528,0.814,125,0.283,0.333,0.182,0.364,0.455,0.47100000000000003
21626,2024,Griffin Conine,MIA,26,30,89,82,22,4,1,3,14,12,0.067,0.315,6,28,0,0,0.268,0.326,0.451,0.777,114,0.183,0.373,0.16699999999999998,0.556,0.278,0.40700000000000003
25845,2024,Michael Toglia,COL,25,116,458,399,87,14,3,25,62,55,0.11800000000000001,0.321,54,147,10,1,0.218,0.311,0.456,0.767,98,0.238,0.27,0.21600000000000003,0.361,0.424,0.5
18400,2024,Juan Yepez,WSN,26,62,249,226,64,15,0,6,32,26,0.07200000000000001,0.16899999999999998,18,42,2,1,0.283,0.335,0.429,0.764,113,0.146,0.32,0.193,0.513,0.294,0.35100000000000003
27577,2024,Casey Schmitt,SFG,25,40,113,107,27,4,1,6,11,16,0.035,0.221,4,25,0,0,0.252,0.283,0.477,0.76,109,0.224,0.273,0.16899999999999998,0.386,0.446,0.361
2136,2024,David Peralta,SDP,36,91,260,236,63,11,0,8,35,28,0.085,0.20800000000000002,22,54,2,0,0.267,0.335,0.415,0.75,115,0.148,0.316,0.22,0.473,0.308,0.418
11737,2024,Nick Castellanos,PHI,32,162,659,606,154,30,4,23,80,86,0.062,0.21100000000000002,41,139,6,2,0.254,0.311,0.431,0.742,105,0.177,0.294,0.237,0.375,0.38799999999999996,0.377
21837,2024,Jonathan Aranda,TBR,26,44,143,128,30,7,0,6,22,14,0.084,0.22399999999999998,12,32,0,0,0.234,0.308,0.43,0.737,113,0.195,0.264,0.14400000000000002,0.505,0.35100000000000003,0.46399999999999997
15878,2024,Miguel Andujar,OAK,29,75,319,302,86,14,1,4,31,30,0.040999999999999995,0.132,13,42,3,2,0.285,0.32,0.377,0.697,103,0.093,0.319,0.18,0.502,0.318,0.337
29547,2024,Ryan Bliss,SEA,24,33,71,63,14,3,1,2,10,9,0.07,0.31,5,22,5,3,0.222,0.29,0.397,0.687,101,0.175,0.308,0.225,0.425,0.35,0.465
19890,2024,Emmanuel Rivera,- - -,28,124,302,265,63,9,2,5,24,29,0.086,0.228,26,69,2,0,0.238,0.312,0.343,0.656,86,0.106,0.296,0.159,0.522,0.318,0.441
29575,2024,Trey Sweeney,DET,24,36,119,110,24,5,0,4,11,17,0.059000000000000004,0.26899999999999996,7,32,2,0,0.218,0.269,0.373,0.642,81,0.155,0.267,0.139,0.456,0.405,0.44299999999999995
25979,2024,Nasim Nunez,WSN,23,51,78,61,15,1,0,0,14,1,0.154,0.192,12,15,8,2,0.246,0.37,0.262,0.632,92,0.016,0.326,0.132,0.684,0.184,0.21600000000000003
11281,2024,Whit Merrifield,- - -,35,95,335,293,65,9,3,4,44,15,0.10400000000000001,0.155,35,52,17,3,0.222,0.311,0.314,0.625,80,0.092,0.257,0.204,0.45,0.34600000000000003,0.212
23565,2024,Davis Schneider,TOR,25,135,454,397,76,19,1,13,48,46,0.10400000000000001,0.317,47,144,6,0,0.191,0.282,0.343,0.625,80,0.151,0.257,0.205,0.298,0.496,0.37200000000000005
25807,2024,Jared Triolo,PIT,26,125,446,394,85,10,1,9,41,46,0.094,0.265,42,118,8,1,0.216,0.296,0.315,0.611,72,0.099,0.279,0.19,0.41600000000000004,0.39399999999999996,0.38799999999999996
16426,2024,Thairo Estrada,SFG,28,96,381,364,79,15,2,9,43,47,0.026000000000000002,0.19899999999999998,10,76,2,2,0.217,0.247,0.343,0.59,64,0.126,0.249,0.188,0.47200000000000003,0.34,0.317
18067,2024,Garrett Stubbs,PHI,31,56,187,164,34,4,1,1,18,11,0.091,0.267,17,50,5,0,0.207,0.296,0.262,0.558,63,0.055,0.289,0.29,0.299,0.41100000000000003,0.086
11489,2024,Michael A. Taylor,PIT,33,113,300,269,52,9,1,5,35,21,0.077,0.35,23,105,12,1,0.193,0.253,0.29,0.543,50,0.097,0.288,0.222,0.414,0.364,0.401
12976,2024,Austin Hedges,CLE,31,66,146,132,20,3,0,2,12,15,0.040999999999999995,0.342,6,50,2,0,0.152,0.203,0.22,0.422,20,0.068,0.22,0.14800000000000002,0.33299999999999996,0.519,0.24100000000000002
25425,2024,Austin Shenton,TBR,26,19,50,42,9,5,0,1,3,3,0.16,0.28,8,14,0,0,0.214,0.34,0.405,0.745,120,0.19,0.296,0.28600000000000003,0.321,0.39299999999999996,0.25
31166,2024,Heston Kjerstad,BAL,25,39,114,99,25,2,0,4,8,14,0.08800000000000001,0.289,10,33,1,0,0.253,0.351,0.394,0.745,116,0.141,0.339,0.19699999999999998,0.455,0.348,0.439
27467,2024,Tyler Soderstrom,OAK,22,61,213,189,44,10,0,9,18,26,0.094,0.249,20,53,0,0,0.233,0.315,0.429,0.743,114,0.196,0.273,0.131,0.489,0.38,0.489
26299,2024,Josh Jung,TEX,26,46,188,178,47,5,1,7,19,16,0.043,0.255,8,48,4,0,0.264,0.298,0.421,0.719,102,0.157,0.323,0.214,0.435,0.35100000000000003,0.397
11442,2024,Gary Sanchez,MIL,31,89,280,245,54,7,1,11,30,37,0.096,0.271,27,76,0,0,0.22,0.307,0.392,0.699,96,0.171,0.267,0.18600000000000003,0.401,0.413,0.442
15518,2024,Amed Rosario,- - -,28,103,346,332,93,18,3,3,29,32,0.026000000000000002,0.21100000000000002,9,73,13,5,0.28,0.306,0.38,0.686,96,0.099,0.35,0.212,0.512,0.27699999999999997,0.36200000000000004
20054,2024,Bligh Madris,DET,28,21,75,67,18,3,0,1,8,5,0.08,0.267,6,20,0,0,0.269,0.324,0.358,0.683,97,0.09,0.362,0.25,0.271,0.479,0.34700000000000003
25180,2024,Daniel Schneemann,CLE,27,73,221,193,42,10,2,5,17,22,0.113,0.317,25,70,3,2,0.218,0.303,0.368,0.671,93,0.15,0.306,0.222,0.429,0.349,0.381
22263,2024,Nolan Gorman,STL,24,107,402,365,74,15,0,19,42,50,0.085,0.376,34,151,6,1,0.203,0.271,0.4,0.671,87,0.197,0.279,0.185,0.324,0.491,0.384
12037,2024,Jon Berti,NYY,34,25,74,66,18,0,0,1,10,6,0.081,0.18899999999999997,6,14,5,1,0.273,0.342,0.318,0.661,95,0.045,0.333,0.26899999999999996,0.40399999999999997,0.327,0.302
13152,2024,Jorge Polanco,SEA,30,118,469,417,89,11,0,16,43,45,0.098,0.292,46,137,4,2,0.213,0.296,0.355,0.651,92,0.141,0.274,0.24100000000000002,0.33799999999999997,0.42100000000000004,0.37200000000000005
25483,2024,Nick Sogard,BOS,26,31,86,77,21,4,0,0,13,8,0.081,0.29100000000000004,7,25,3,0,0.273,0.326,0.325,0.65,81,0.052,0.389,0.377,0.302,0.321,0.315
22532,2024,Tyler Freeman,CLE,25,118,383,330,69,14,1,7,48,32,0.073,0.138,28,53,11,6,0.209,0.305,0.321,0.626,84,0.112,0.227,0.168,0.452,0.38,0.34299999999999997
16953,2024,Chadwick Tromp,ATL,29,19,54,52,13,6,0,0,3,6,0.019,0.315,1,17,0,0,0.25,0.259,0.365,0.625,68,0.115,0.361,0.25,0.444,0.306,0.361
25643,2024,Drew Millas,WSN,26,20,62,57,14,1,0,1,7,1,0.081,0.258,5,16,4,0,0.246,0.306,0.316,0.622,78,0.07,0.325,0.231,0.462,0.308,0.341
19612,2024,Bo Bichette,TOR,26,81,336,311,70,16,1,4,29,31,0.06,0.19,20,64,5,1,0.225,0.277,0.322,0.598,71,0.096,0.269,0.221,0.478,0.301,0.43
11038,2024,Kevin Kiermaier,- - -,34,116,281,259,51,9,3,5,31,26,0.043,0.306,12,86,6,2,0.197,0.237,0.313,0.55,54,0.116,0.272,0.152,0.544,0.304,0.298
14111,2024,Eric Haase,MIL,31,30,69,66,18,1,0,5,10,14,0.043,0.406,3,28,0,0,0.273,0.304,0.515,0.819,125,0.242,0.394,0.21600000000000003,0.45899999999999996,0.324,0.395
21562,2024,Romy Gonzalez,BOS,27,89,216,199,53,10,1,6,25,29,0.055999999999999994,0.26899999999999996,12,58,11,3,0.266,0.306,0.417,0.723,97,0.151,0.338,0.17600000000000002,0.556,0.268,0.503
19363,2024,Austin Hays,- - -,28,85,255,235,60,18,0,5,26,20,0.035,0.231,9,59,2,2,0.255,0.303,0.396,0.699,98,0.14,0.318,0.20199999999999999,0.41,0.38799999999999996,0.402
16622,2024,Luis Urias,SEA,27,41,109,94,18,7,0,4,11,16,0.083,0.312,9,34,0,0,0.191,0.303,0.394,0.696,107,0.202,0.25,0.2,0.317,0.483,0.35
19522,2024,TJ Friedl,CIN,28,85,341,297,67,5,1,13,35,55,0.076,0.152,26,52,9,1,0.226,0.31,0.38,0.69,88,0.155,0.229,0.175,0.371,0.45399999999999996,0.315
25575,2024,Kyle McCann,OAK,26,54,157,140,33,4,0,5,13,15,0.102,0.376,16,59,0,0,0.236,0.318,0.371,0.69,102,0.136,0.368,0.185,0.457,0.358,0.38299999999999995
16947,2024,Derek Hill,- - -,28,53,172,162,39,4,2,7,19,25,0.028999999999999998,0.326,5,56,6,2,0.241,0.271,0.42,0.69,88,0.179,0.32,0.231,0.452,0.317,0.36700000000000005
12859,2024,James McCann,BAL,34,66,233,214,50,9,0,8,27,31,0.055999999999999994,0.24,13,56,1,0,0.234,0.279,0.388,0.667,89,0.154,0.273,0.20600000000000002,0.38799999999999996,0.406,0.377
20321,2024,Stuart Fairchild,CIN,28,94,233,209,45,8,0,8,33,30,0.073,0.258,17,60,13,1,0.215,0.286,0.368,0.654,77,0.153,0.261,0.131,0.37200000000000005,0.49700000000000005,0.368
33824,2024,Jung Hoo Lee,SFG,25,37,158,145,38,4,0,2,15,8,0.063,0.08199999999999999,10,13,2,3,0.262,0.31,0.331,0.641,83,0.069,0.273,0.187,0.47,0.34299999999999997,0.41
17040,2024,Jose Herrera,ARI,27,42,114,97,22,4,1,1,11,13,0.079,0.237,9,27,0,0,0.227,0.29,0.32,0.609,70,0.093,0.3,0.243,0.47100000000000003,0.28600000000000003,0.231
10028,2024,Christian Bethancourt,- - -,32,62,147,139,29,7,0,5,18,22,0.034,0.245,5,36,3,0,0.209,0.241,0.367,0.608,66,0.158,0.245,0.131,0.475,0.39399999999999996,0.419
15674,2024,Reese McGuire,BOS,29,53,158,139,29,3,0,3,10,18,0.08199999999999999,0.247,13,39,3,0,0.209,0.28,0.295,0.575,60,0.086,0.26,0.18,0.43,0.39,0.26899999999999996
22232,2024,Mason McCoy,SDP,29,19,57,49,10,2,0,0,7,3,0.08800000000000001,0.33299999999999996,5,19,1,0,0.204,0.278,0.245,0.523,55,0.041,0.333,0.25,0.536,0.214,0.152
7859,2024,Charlie Blackmon,COL,37,124,499,449,115,24,5,12,59,52,0.086,0.172,43,86,6,2,0.256,0.329,0.412,0.741,94,0.156,0.293,0.223,0.366,0.41,0.272
29592,2024,Connor Norby,- - -,24,45,194,178,42,9,0,9,32,20,0.077,0.33,15,64,3,3,0.236,0.294,0.438,0.732,101,0.202,0.311,0.252,0.33899999999999997,0.409,0.38299999999999995
16472,2024,Rhys Hoskins,MIL,31,131,517,449,96,14,0,26,59,82,0.10300000000000001,0.28800000000000003,53,149,3,0,0.214,0.303,0.419,0.722,100,0.205,0.25,0.17600000000000002,0.34,0.484,0.419
20572,2024,Kody Clemens,PHI,28,44,120,114,25,9,1,5,17,18,0.042,0.242,5,29,0,0,0.219,0.258,0.447,0.706,92,0.228,0.25,0.153,0.365,0.48200000000000004,0.424
21797,2024,Andres Chaparro,WSN,25,33,132,121,26,12,0,4,12,15,0.053,0.182,7,24,1,1,0.215,0.28,0.413,0.694,93,0.198,0.237,0.134,0.381,0.485,0.33
15653,2024,Dominic Smith,- - -,29,93,307,275,64,22,0,6,33,34,0.091,0.248,28,76,1,1,0.233,0.313,0.378,0.691,93,0.145,0.301,0.201,0.40700000000000003,0.392,0.387
20220,2024,Jo Adell,LAA,25,130,451,405,84,15,2,20,54,62,0.078,0.27899999999999997,35,126,15,10,0.207,0.28,0.402,0.682,90,0.195,0.244,0.184,0.355,0.461,0.445
19818,2024,Joshua Palacios,PIT,28,23,78,67,15,2,0,2,10,9,0.128,0.154,10,12,1,0,0.224,0.333,0.343,0.677,93,0.119,0.245,0.127,0.618,0.255,0.473
27465,2024,Spencer Torkelson,DET,24,92,381,342,75,21,1,10,45,37,0.087,0.276,33,105,0,0,0.219,0.295,0.374,0.669,92,0.155,0.285,0.151,0.34,0.508,0.39299999999999996
31437,2024,Jace Jung,DET,23,34,94,79,19,5,0,0,14,3,0.16,0.309,15,29,0,1,0.241,0.362,0.304,0.665,102,0.063,0.38,0.22,0.52,0.26,0.32
26438,2024,Dominic Canzone,SEA,26,67,188,168,33,7,0,8,20,17,0.096,0.282,18,53,1,0,0.196,0.271,0.381,0.652,87,0.185,0.229,0.128,0.444,0.42700000000000005,0.436
19956,2024,Mickey Moniak,LAA,26,124,418,392,86,17,2,14,48,49,0.05,0.273,21,114,8,4,0.219,0.266,0.38,0.646,79,0.161,0.272,0.188,0.35700000000000004,0.455,0.344
22896,2024,Lenyn Sosa,CHW,24,100,369,351,89,13,0,8,28,35,0.033,0.209,12,77,3,1,0.254,0.283,0.359,0.642,80,0.105,0.303,0.24,0.396,0.364,0.41200000000000003
13744,2024,David Dahl,PHI,30,19,62,58,12,2,0,3,6,8,0.048,0.33899999999999997,3,21,0,0,0.207,0.242,0.397,0.638,73,0.19,0.257,0.184,0.447,0.368,0.184
27790,2024,Evan Carter,TEX,21,45,162,144,27,6,2,5,23,15,0.09300000000000001,0.265,15,43,2,0,0.188,0.272,0.361,0.633,80,0.174,0.227,0.147,0.41200000000000003,0.441,0.324
26599,2024,Jonatan Clase,- - -,22,26,66,61,15,2,0,1,7,5,0.045,0.258,3,17,3,1,0.246,0.303,0.328,0.631,87,0.082,0.326,0.09300000000000001,0.395,0.512,0.273
19151,2024,Estevan Florial,CLE,26,36,111,98,17,6,2,3,11,11,0.099,0.369,11,41,2,1,0.173,0.264,0.367,0.631,80,0.194,0.259,0.193,0.439,0.368,0.414
33266,2024,Jacob Wilson,OAK,22,28,103,92,23,2,2,0,11,3,0.078,0.09699999999999999,8,10,0,0,0.25,0.314,0.315,0.629,86,0.065,0.277,0.217,0.518,0.265,0.19
19252,2024,Cavan Biggio,- - -,29,78,224,188,37,5,0,5,27,19,0.107,0.321,24,72,2,0,0.197,0.314,0.303,0.617,84,0.106,0.288,0.254,0.342,0.40399999999999997,0.16699999999999998
29630,2024,Joey Loperfido,- - -,25,81,262,243,52,13,4,4,24,25,0.05,0.363,13,95,4,2,0.214,0.264,0.35,0.614,74,0.136,0.331,0.264,0.405,0.331,0.34700000000000003
23733,2024,Ezequiel Duran,TEX,25,92,285,268,66,11,0,3,26,20,0.049,0.221,14,63,1,2,0.246,0.288,0.321,0.609,74,0.075,0.31,0.156,0.46799999999999997,0.376,0.359
21009,2024,Leonardo Rivas,SEA,26,43,86,73,17,1,1,0,10,8,0.11599999999999999,0.27899999999999997,10,24,3,0,0.233,0.333,0.274,0.607,88,0.041,0.347,0.37,0.348,0.28300000000000003,0.275
26295,2024,Oliver Dunn,MIL,26,41,104,95,21,2,2,1,11,7,0.057999999999999996,0.385,6,40,3,0,0.221,0.282,0.316,0.597,68,0.095,0.37,0.24100000000000002,0.48100000000000004,0.278,0.446
16451,2024,Luis Guillorme,- - -,29,79,187,161,33,9,1,0,14,10,0.12300000000000001,0.193,23,36,4,2,0.205,0.301,0.273,0.574,67,0.068,0.26,0.22,0.528,0.252,0.21100000000000002
18577,2024,Ke'Bryan Hayes,PIT,27,96,396,365,85,9,0,4,38,25,0.057999999999999996,0.18899999999999997,23,75,11,2,0.233,0.283,0.29,0.573,59,0.058,0.279,0.19,0.527,0.282,0.429
31394,2024,Brooks Baldwin,CHW,23,33,121,114,24,6,0,2,9,8,0.05,0.256,6,31,4,0,0.211,0.25,0.316,0.566,58,0.105,0.272,0.215,0.253,0.532,0.321
5343,2024,Brandon Crawford,STL,37,29,80,71,12,5,0,1,5,4,0.1,0.325,8,26,0,0,0.169,0.263,0.282,0.544,58,0.113,0.25,0.222,0.42200000000000004,0.35600000000000004,0.33299999999999996
13755,2024,Tomas Nido,- - -,30,49,140,130,25,4,0,4,14,12,0.036000000000000004,0.25,5,35,0,0,0.192,0.219,0.315,0.534,48,0.123,0.226,0.16699999999999998,0.41700000000000004,0.41700000000000004,0.44
12160,2024,Ben Gamel,- - -,32,38,99,81,20,4,0,1,22,4,0.182,0.242,18,24,1,0,0.247,0.384,0.333,0.717,115,0.086,0.339,0.23199999999999998,0.429,0.33899999999999997,0.35100000000000003
29794,2024,Kyle Manzardo,CLE,23,53,156,145,34,12,0,5,11,15,0.057999999999999996,0.263,9,41,0,0,0.234,0.282,0.421,0.703,98,0.186,0.29,0.171,0.295,0.5329999999999999,0.4
17838,2024,Willie Calhoun,LAA,29,68,254,229,56,16,0,5,26,20,0.091,0.122,23,31,0,1,0.245,0.315,0.38,0.695,96,0.135,0.263,0.196,0.43200000000000005,0.37200000000000005,0.377
23395,2024,Eric Wagaman,LAA,26,18,74,72,18,5,0,2,6,10,0.027000000000000003,0.23,2,17,0,0,0.25,0.27,0.403,0.673,86,0.153,0.302,0.218,0.418,0.364,0.4
15194,2024,Jake Bauers,MIL,28,117,346,302,60,9,2,12,45,43,0.113,0.341,39,118,13,1,0.199,0.301,0.361,0.662,87,0.162,0.279,0.215,0.287,0.49700000000000005,0.418
23691,2024,Jose Tena,- - -,23,44,168,161,43,5,0,3,14,15,0.042,0.244,7,41,6,1,0.267,0.298,0.354,0.652,83,0.087,0.342,0.214,0.48700000000000004,0.299,0.49200000000000005
19997,2024,Santiago Espinal,CIN,29,118,391,357,88,12,0,9,32,45,0.061,0.138,24,54,11,1,0.246,0.295,0.356,0.65,75,0.109,0.265,0.244,0.38799999999999996,0.368,0.24100000000000002
26540,2024,Angel Martinez,CLE,22,43,169,151,35,7,0,3,16,11,0.08900000000000001,0.195,15,33,3,1,0.232,0.298,0.338,0.635,83,0.106,0.274,0.161,0.43200000000000005,0.40700000000000003,0.314
5760,2024,Avisail Garcia,MIA,33,18,51,50,12,1,0,2,4,2,0.02,0.255,1,13,0,0,0.24,0.255,0.38,0.635,72,0.14,0.286,0.135,0.649,0.21600000000000003,0.297
27471,2024,Zach DeLoach,CHW,25,22,75,67,14,5,0,1,10,5,0.107,0.28,8,21,0,1,0.209,0.293,0.328,0.622,79,0.119,0.289,0.244,0.5329999999999999,0.222,0.326
27534,2024,Edouard Julien,MIN,25,94,301,266,53,9,0,8,36,21,0.11,0.33899999999999997,33,102,6,0,0.199,0.292,0.323,0.616,80,0.124,0.288,0.23800000000000002,0.439,0.32299999999999995,0.37799999999999995
13324,2024,Ildemaro Vargas,WSN,32,97,303,272,67,16,0,1,21,30,0.063,0.102,19,31,9,4,0.246,0.295,0.316,0.611,72,0.07,0.269,0.195,0.523,0.282,0.319
25524,2024,Aaron Schunk,COL,26,39,98,94,22,3,0,2,14,7,0.040999999999999995,0.316,4,31,0,1,0.234,0.265,0.33,0.595,49,0.096,0.328,0.242,0.387,0.371,0.317
31781,2024,Jackson Holliday,BAL,20,60,208,190,36,4,2,5,28,23,0.07200000000000001,0.332,15,69,4,0,0.189,0.255,0.311,0.565,63,0.121,0.265,0.098,0.5489999999999999,0.35200000000000004,0.451
27883,2024,Thomas Saggese,STL,22,18,52,49,10,2,0,1,5,4,0.038,0.26899999999999996,2,14,0,0,0.204,0.25,0.306,0.556,57,0.102,0.265,0.257,0.371,0.371,0.257
19948,2024,Cristian Pache,- - -,25,88,183,165,33,8,1,1,13,16,0.09300000000000001,0.35,17,64,1,0,0.2,0.273,0.279,0.552,56,0.079,0.317,0.152,0.505,0.34299999999999997,0.382
27464,2024,Dillon Dingler,DET,25,27,87,84,14,5,2,1,2,11,0.034,0.345,3,30,0,0,0.167,0.195,0.31,0.505,37,0.143,0.245,0.24100000000000002,0.426,0.33299999999999996,0.48100000000000004
13145,2024,Josh Bell,- - -,31,145,603,538,134,23,2,19,62,71,0.085,0.19899999999999998,51,120,0,1,0.249,0.319,0.405,0.725,101,0.156,0.286,0.17300000000000001,0.496,0.33,0.397
10441,2024,Jon Singleton,HOU,32,119,405,355,83,13,1,13,46,42,0.11599999999999999,0.27399999999999997,47,111,0,0,0.234,0.321,0.386,0.707,105,0.152,0.299,0.18600000000000003,0.397,0.41700000000000004,0.37200000000000005
21871,2024,Jerar Encarnacion,SFG,26,35,119,113,28,5,0,5,13,19,0.042,0.28600000000000003,5,34,1,0,0.248,0.277,0.425,0.702,94,0.177,0.307,0.23800000000000002,0.488,0.275,0.588
15464,2024,Hunter Renfroe,KCR,32,120,424,385,88,18,0,15,44,52,0.085,0.198,36,84,1,1,0.229,0.297,0.392,0.689,92,0.164,0.254,0.146,0.39399999999999996,0.46,0.39399999999999996
2967,2024,Tommy Pham,- - -,36,116,478,440,109,20,3,9,49,39,0.073,0.222,35,106,7,3,0.248,0.305,0.368,0.674,91,0.12,0.307,0.221,0.442,0.337,0.42700000000000005
23789,2024,Blaze Alexander,ARI,25,61,185,166,41,7,0,3,19,21,0.081,0.265,15,49,3,1,0.247,0.321,0.343,0.664,88,0.096,0.333,0.155,0.517,0.32799999999999996,0.34700000000000003
18607,2024,Jared Walsh,TEX,30,17,60,53,12,2,0,1,9,7,0.11699999999999999,0.35,7,21,0,0,0.226,0.317,0.321,0.637,87,0.094,0.355,0.281,0.281,0.43799999999999994,0.313
19198,2024,Yuli Gurriel,KCR,40,18,65,54,13,3,0,0,7,6,0.138,0.231,9,15,1,0,0.241,0.338,0.296,0.635,83,0.056,0.317,0.268,0.439,0.293,0.537
12164,2024,Miguel Sano,LAA,31,28,95,83,17,3,0,2,9,6,0.095,0.379,9,36,0,0,0.205,0.295,0.313,0.608,75,0.108,0.326,0.25,0.479,0.271,0.521
16930,2024,Jonah Heim,TEX,29,131,491,459,101,12,1,13,45,59,0.053,0.183,26,90,1,1,0.22,0.267,0.336,0.602,70,0.115,0.246,0.17600000000000002,0.424,0.4,0.364
21078,2024,Trey Cabbage,HOU,27,45,91,86,18,8,0,1,12,8,0.044000000000000004,0.374,4,34,1,1,0.209,0.253,0.337,0.59,67,0.128,0.333,0.157,0.49,0.353,0.519
16153,2024,Austin Slater,- - -,31,84,212,177,37,4,0,2,24,18,0.12300000000000001,0.28300000000000003,26,60,3,2,0.209,0.321,0.266,0.586,76,0.056,0.294,0.282,0.504,0.214,0.37200000000000005
12861,2024,Anthony Rendon,LAA,34,57,238,206,45,10,0,0,21,14,0.09699999999999999,0.147,23,35,6,1,0.218,0.307,0.267,0.574,68,0.049,0.257,0.166,0.429,0.406,0.36
29949,2024,Tyler Black,MIL,23,18,57,49,10,2,0,0,4,2,0.12300000000000001,0.298,7,17,3,0,0.204,0.316,0.245,0.561,68,0.041,0.313,0.188,0.375,0.43799999999999994,0.156
18889,2024,Danny Mendick,CHW,30,47,141,132,26,7,0,3,13,8,0.043,0.248,6,35,6,0,0.197,0.243,0.318,0.561,57,0.121,0.245,0.18899999999999997,0.4,0.41100000000000003,0.22399999999999998
27599,2024,Jacob Hurtubise,CIN,26,29,68,54,10,1,1,0,7,4,0.08800000000000001,0.265,6,18,2,0,0.185,0.297,0.241,0.538,53,0.056,0.27,0.278,0.25,0.47200000000000003,0.146
20002,2024,Bryce Johnson,SDP,28,47,73,63,13,2,0,0,9,4,0.096,0.16399999999999998,7,12,1,1,0.206,0.286,0.238,0.524,57,0.032,0.255,0.244,0.467,0.289,0.24100000000000002
18821,2024,Jose Azocar,SDP,28,61,79,73,16,2,0,0,13,2,0.063,0.24100000000000002,5,19,5,1,0.219,0.269,0.247,0.516,51,0.027,0.296,0.20800000000000002,0.47200000000000003,0.321,0.309
17276,2024,Alex Jackson,TBR,28,58,155,139,17,7,0,3,17,12,0.077,0.342,12,53,1,0,0.122,0.201,0.237,0.439,29,0.115,0.167,0.10300000000000001,0.402,0.494,0.318
26197,2024,Andrew Vaughn,CHW,26,149,619,570,140,30,1,19,55,70,0.061,0.213,38,132,2,0,0.246,0.297,0.402,0.699,97,0.156,0.285,0.16,0.381,0.45799999999999996,0.431
8090,2024,Matt Carpenter,STL,38,59,157,137,32,7,0,4,15,15,0.096,0.325,15,51,0,2,0.234,0.314,0.372,0.686,95,0.139,0.333,0.267,0.267,0.465,0.27
19287,2024,Adolis Garcia,TEX,31,154,637,580,130,27,0,25,68,85,0.071,0.278,45,177,11,5,0.224,0.284,0.4,0.684,92,0.176,0.273,0.193,0.379,0.428,0.479
27462,2024,Austin Martin,MIN,25,93,257,233,59,18,1,1,41,16,0.078,0.183,20,47,7,3,0.253,0.318,0.352,0.67,94,0.099,0.314,0.266,0.424,0.31,0.33
18171,2024,Seth Brown,OAK,31,124,400,372,86,11,1,14,32,44,0.063,0.28,25,112,4,2,0.231,0.283,0.379,0.662,91,0.148,0.291,0.185,0.39799999999999996,0.41700000000000004,0.402
31562,2024,Zachary Dezenzo,HOU,24,19,65,62,15,2,0,2,5,8,0.046,0.33799999999999997,3,22,0,0,0.242,0.277,0.371,0.648,84,0.129,0.342,0.175,0.475,0.35,0.4
3473,2024,Anthony Rizzo,NYY,34,92,375,337,77,12,0,8,38,35,0.07200000000000001,0.17300000000000001,27,65,0,0,0.228,0.301,0.335,0.637,84,0.107,0.259,0.215,0.43799999999999994,0.34700000000000003,0.32799999999999996
13602,2024,Patrick Wisdom,CHC,32,75,174,158,27,7,2,8,16,23,0.057,0.33899999999999997,10,59,5,0,0.171,0.237,0.392,0.629,75,0.222,0.207,0.09,0.25,0.66,0.485
14712,2024,Manuel Margot,MIN,29,129,343,315,75,17,1,4,37,31,0.061,0.157,21,54,5,0,0.238,0.289,0.337,0.626,79,0.098,0.273,0.184,0.41,0.406,0.336
17766,2024,D.J. Stewart,NYM,30,74,194,158,28,4,0,5,16,19,0.16,0.247,31,48,1,0,0.177,0.325,0.297,0.622,88,0.12,0.217,0.18899999999999997,0.324,0.486,0.396
19318,2024,Matt Thaiss,LAA,29,57,186,157,32,9,0,2,14,16,0.151,0.312,28,58,3,0,0.204,0.323,0.299,0.622,83,0.096,0.306,0.212,0.40399999999999997,0.384,0.4
28080,2024,Jasson Dominguez,NYY,21,18,67,56,10,1,0,2,8,4,0.16399999999999998,0.284,11,19,5,0,0.179,0.313,0.304,0.617,84,0.125,0.229,0.162,0.622,0.21600000000000003,0.45899999999999996
25690,2024,Grant McCray,SFG,23,37,130,124,25,3,2,5,13,10,0.046,0.431,6,56,5,0,0.202,0.238,0.379,0.617,71,0.177,0.317,0.172,0.484,0.344,0.441
29782,2024,Niko Kavadas,LAA,25,30,106,93,17,2,0,4,11,8,0.10400000000000001,0.387,11,41,1,0,0.183,0.283,0.333,0.616,77,0.151,0.271,0.25,0.17300000000000001,0.5770000000000001,0.40399999999999997
14128,2024,Joey Gallo,WSN,30,76,260,223,36,9,0,10,24,27,0.12300000000000001,0.392,32,102,3,1,0.161,0.277,0.336,0.613,76,0.175,0.232,0.198,0.273,0.529,0.434
22563,2024,Gabriel Arias,CLE,24,53,161,153,34,9,1,3,15,15,0.037000000000000005,0.32899999999999996,6,53,5,2,0.222,0.255,0.353,0.608,70,0.131,0.316,0.23800000000000002,0.515,0.248,0.366
23792,2024,Alek Thomas,ARI,24,39,103,95,18,5,1,3,13,17,0.068,0.165,7,17,4,1,0.189,0.245,0.358,0.603,65,0.168,0.2,0.158,0.605,0.237,0.46799999999999997
25111,2024,David Hensley,MIA,28,23,58,52,11,1,0,1,9,4,0.10300000000000001,0.293,6,17,1,0,0.212,0.293,0.288,0.582,65,0.077,0.294,0.11800000000000001,0.706,0.17600000000000002,0.257
19599,2024,Chas McCormick,HOU,29,94,267,242,51,6,1,5,32,27,0.064,0.27,17,72,8,2,0.211,0.271,0.306,0.576,66,0.095,0.274,0.18899999999999997,0.43799999999999994,0.373,0.32799999999999996
19931,2024,Luke Williams,ATL,27,37,52,46,9,3,0,0,8,4,0.077,0.25,4,13,3,0,0.196,0.275,0.261,0.535,54,0.065,0.273,0.121,0.364,0.515,0.294
22458,2024,Taylor Walls,TBR,27,84,252,218,40,5,3,1,27,14,0.12300000000000001,0.266,31,67,16,4,0.183,0.282,0.248,0.529,60,0.064,0.255,0.184,0.36200000000000004,0.45399999999999996,0.24
27630,2024,Nick Loftin,KCR,25,57,171,148,28,4,0,1,15,14,0.111,0.14,19,24,1,0,0.189,0.282,0.236,0.519,50,0.047,0.216,0.16699999999999998,0.46799999999999997,0.365,0.26
19422,2024,Brian Serven,TOR,29,28,71,63,10,4,0,0,6,3,0.07,0.31,5,22,0,0,0.159,0.243,0.222,0.465,38,0.063,0.244,0.25,0.325,0.425,0.16699999999999998
18551,2024,Ali Sanchez,MIA,27,31,96,84,14,2,0,0,5,4,0.042,0.25,4,24,2,1,0.167,0.211,0.19,0.402,11,0.024,0.23,0.18,0.525,0.295,0.358
14477,2024,Jake Cave,COL,31,123,346,323,81,16,5,7,42,37,0.052000000000000005,0.28300000000000003,18,98,5,2,0.251,0.29,0.396,0.686,75,0.146,0.335,0.256,0.45799999999999996,0.28600000000000003,0.36200000000000004
17901,2024,Andrew Benintendi,CHW,29,135,522,477,109,20,0,20,50,64,0.079,0.184,41,96,3,2,0.229,0.289,0.396,0.685,93,0.168,0.245,0.191,0.385,0.424,0.341
22197,2024,MJ Melendez,KCR,25,135,451,412,85,23,3,17,44,44,0.078,0.251,35,113,4,4,0.206,0.273,0.4,0.674,85,0.194,0.241,0.16699999999999998,0.42100000000000004,0.41100000000000003,0.45
20325,2024,Alex Kirilloff,MIN,26,57,178,159,32,8,3,5,20,20,0.084,0.264,15,47,0,0,0.201,0.27,0.384,0.653,83,0.182,0.245,0.13,0.478,0.391,0.409
21780,2024,Esteury Ruiz,OAK,25,29,65,55,11,2,1,2,10,8,0.062,0.308,4,20,5,4,0.2,0.27,0.382,0.652,85,0.182,0.257,0.18899999999999997,0.324,0.486,0.359
13663,2024,Jack Lopez,LAA,31,27,71,67,17,3,0,1,4,6,0.027999999999999997,0.35200000000000004,2,25,0,1,0.254,0.286,0.343,0.629,77,0.09,0.39,0.22,0.512,0.268,0.302
19864,2024,Riley Adams,WSN,28,41,130,116,26,5,1,2,10,8,0.077,0.26899999999999996,10,35,1,0,0.224,0.292,0.336,0.629,75,0.112,0.296,0.18100000000000002,0.494,0.325,0.434
20536,2024,Vidal Brujan,MIA,26,102,278,248,55,14,2,2,32,16,0.09,0.19399999999999998,25,54,5,6,0.222,0.303,0.319,0.622,73,0.097,0.276,0.18,0.513,0.307,0.226
19610,2024,Keibert Ruiz,WSN,25,127,485,459,105,21,0,13,46,57,0.033,0.111,16,54,3,1,0.229,0.26,0.359,0.619,71,0.131,0.232,0.188,0.35,0.462,0.254
29576,2024,Ben Rice,NYY,25,50,178,152,26,6,0,7,20,23,0.11199999999999999,0.27,20,48,0,1,0.171,0.264,0.349,0.613,73,0.178,0.186,0.20199999999999999,0.358,0.44,0.36700000000000005
24598,2024,Addison Barger,TOR,24,69,225,208,41,11,0,7,20,28,0.062,0.267,14,60,2,0,0.197,0.25,0.351,0.601,70,0.154,0.239,0.215,0.423,0.36200000000000004,0.38
31595,2024,Brooks Lee,MIN,23,50,185,172,38,6,1,3,9,27,0.059000000000000004,0.146,11,27,3,0,0.221,0.265,0.32,0.585,62,0.099,0.243,0.204,0.415,0.381,0.245
14130,2024,Daniel Vogelbach,TOR,31,31,79,70,13,5,0,1,5,8,0.114,0.215,9,17,0,0,0.186,0.278,0.3,0.578,69,0.114,0.231,0.20800000000000002,0.491,0.302,0.434
19455,2024,Andruw Monasterio,MIL,27,59,142,125,26,5,0,1,14,16,0.113,0.282,16,40,6,2,0.208,0.303,0.272,0.575,68,0.064,0.298,0.19,0.39299999999999996,0.41700000000000004,0.41200000000000003
23986,2024,Curtis Mead,TBR,23,38,132,122,29,3,0,1,10,7,0.045,0.22699999999999998,6,30,2,0,0.238,0.282,0.287,0.569,67,0.049,0.304,0.247,0.355,0.39799999999999996,0.36200000000000004
17326,2024,Cole Tucker,LAA,27,25,57,50,9,4,1,0,3,3,0.105,0.298,6,17,3,1,0.18,0.263,0.3,0.563,58,0.12,0.265,0.20600000000000002,0.529,0.265,0.441
27604,2024,Alika Williams,PIT,25,37,96,87,18,4,2,0,13,5,0.031,0.22899999999999998,3,22,1,0,0.207,0.242,0.299,0.541,47,0.092,0.277,0.27699999999999997,0.4,0.32299999999999995,0.271
29788,2024,Brett Harris,OAK,26,36,123,103,15,3,0,3,15,12,0.138,0.203,17,25,0,3,0.146,0.276,0.262,0.539,65,0.117,0.158,0.10300000000000001,0.436,0.462,0.36700000000000005
15730,2024,Tyler Wade,SDP,29,90,156,138,30,3,0,0,28,8,0.071,0.18600000000000003,11,29,8,1,0.217,0.285,0.239,0.524,56,0.022,0.275,0.257,0.41600000000000004,0.327,0.175
24770,2024,James Outman,LAD,27,53,156,136,20,4,0,4,12,11,0.10300000000000001,0.353,16,55,2,1,0.147,0.256,0.265,0.521,54,0.118,0.208,0.272,0.321,0.40700000000000003,0.38299999999999995
22168,2024,Akil Baddoo,DET,25,31,82,73,10,2,2,2,7,5,0.098,0.32899999999999996,8,27,1,0,0.137,0.22,0.301,0.521,46,0.164,0.178,0.17,0.34,0.489,0.46799999999999997
13768,2024,Travis Jankowski,TEX,33,104,207,190,38,5,0,1,19,12,0.057999999999999996,0.213,12,44,11,1,0.2,0.266,0.242,0.508,48,0.042,0.255,0.11900000000000001,0.608,0.273,0.247
23296,2024,Jacob Amaya,- - -,25,24,72,68,12,1,0,0,4,3,0.055999999999999994,0.389,4,28,1,0,0.176,0.222,0.191,0.413,17,0.015,0.3,0.225,0.525,0.25,0.325
13621,2024,Jeimer Candelario,CIN,30,112,463,427,96,23,2,20,47,56,0.057999999999999996,0.24600000000000002,27,114,4,3,0.225,0.279,0.429,0.707,87,0.204,0.257,0.184,0.415,0.402,0.342
16219,2024,J.D. Davis,- - -,31,46,157,142,31,5,0,4,13,6,0.076,0.248,12,39,0,0,0.218,0.293,0.338,0.631,86,0.12,0.273,0.11699999999999999,0.6409999999999999,0.243,0.43700000000000006
15161,2024,Mitch Garver,SEA,33,114,430,367,63,17,0,15,37,51,0.12300000000000001,0.309,53,133,0,0,0.172,0.286,0.341,0.627,88,0.169,0.216,0.152,0.363,0.485,0.397
17893,2024,Tyler Nevin,OAK,27,87,278,245,50,10,0,7,22,20,0.09,0.23,25,64,1,0,0.204,0.288,0.331,0.618,82,0.127,0.243,0.196,0.429,0.375,0.402
25543,2024,Korey Lee,CHW,25,125,394,377,79,14,1,12,36,37,0.043,0.31,17,122,6,3,0.21,0.244,0.347,0.591,64,0.138,0.276,0.159,0.48200000000000004,0.359,0.376
18353,2024,Daz Cameron,OAK,27,66,186,170,34,5,1,5,22,15,0.07,0.27399999999999997,13,51,5,0,0.2,0.258,0.329,0.587,70,0.129,0.25,0.133,0.475,0.392,0.488
25621,2024,Bryan Ramos,CHW,22,32,108,99,20,4,0,3,13,11,0.065,0.204,7,22,0,2,0.202,0.252,0.333,0.586,64,0.131,0.227,0.16699999999999998,0.423,0.41,0.456
15279,2024,Garrett Cooper,- - -,33,36,116,107,22,5,1,1,6,11,0.06,0.302,7,35,0,0,0.206,0.267,0.299,0.566,58,0.093,0.296,0.264,0.40299999999999997,0.33299999999999996,0.361
25353,2024,Michael Stefanic,LAA,28,40,124,110,24,4,0,0,8,8,0.081,0.161,10,20,0,0,0.218,0.301,0.255,0.555,63,0.036,0.267,0.124,0.584,0.292,0.253
12510,2024,Curt Casali,SFG,35,41,125,108,21,3,0,1,12,8,0.10400000000000001,0.17600000000000002,13,22,0,0,0.194,0.293,0.25,0.543,62,0.056,0.235,0.188,0.376,0.435,0.17
10200,2024,Tucker Barnhart,ARI,33,31,96,81,14,3,0,0,13,6,0.135,0.32299999999999995,13,31,1,0,0.173,0.287,0.21,0.497,49,0.037,0.28,0.27699999999999997,0.489,0.23399999999999999,0.212
20017,2024,Miles Mastrobuoni,CHC,28,50,106,98,19,3,0,0,9,4,0.066,0.16,7,17,2,0,0.194,0.245,0.224,0.47,36,0.031,0.232,0.21,0.43200000000000005,0.358,0.305
19562,2024,Zack Short,- - -,29,42,88,70,9,3,0,0,11,5,0.159,0.273,14,24,2,1,0.129,0.282,0.171,0.454,44,0.043,0.196,0.156,0.311,0.5329999999999999,0.265
27763,2024,Drew Romo,COL,22,16,53,51,9,3,0,0,4,6,0.038,0.34,2,18,0,1,0.176,0.208,0.235,0.443,9,0.059,0.273,0.091,0.485,0.424,0.152
15679,2024,Rowdy Tellez,PIT,29,132,421,383,93,18,0,13,38,56,0.07400000000000001,0.21100000000000002,31,89,1,0,0.243,0.299,0.392,0.691,90,0.149,0.28,0.19399999999999998,0.375,0.431,0.365
29606,2024,Justyn-Henry Malloy,DET,24,71,230,202,41,7,1,8,18,21,0.1,0.37,23,85,1,1,0.203,0.291,0.366,0.658,89,0.163,0.297,0.185,0.361,0.45399999999999996,0.37
22217,2024,Luis Campusano,SDP,25,91,299,277,63,13,0,8,37,40,0.067,0.13699999999999998,20,41,0,0,0.227,0.281,0.361,0.642,83,0.134,0.24,0.18600000000000003,0.46,0.354,0.342
12005,2024,Nick Martini,CIN,34,52,163,146,31,4,2,5,23,24,0.055,0.233,9,38,1,3,0.212,0.272,0.37,0.641,71,0.158,0.245,0.18,0.405,0.414,0.33899999999999997
23359,2024,Nelson Velazquez,KCR,25,64,230,205,41,8,1,8,31,27,0.083,0.265,19,61,2,0,0.2,0.274,0.366,0.64,76,0.166,0.237,0.14300000000000002,0.374,0.483,0.381
19293,2024,Nick Senzel,- - -,29,74,267,236,46,11,0,7,25,18,0.105,0.228,28,61,1,3,0.195,0.283,0.331,0.614,73,0.136,0.232,0.19,0.414,0.397,0.254
13757,2024,Chris Taylor,LAD,33,87,246,213,43,7,1,4,28,23,0.114,0.309,28,76,5,1,0.202,0.298,0.3,0.598,74,0.099,0.289,0.21,0.413,0.377,0.28600000000000003
9874,2024,DJ LeMahieu,NYY,35,67,228,201,41,5,0,2,19,26,0.083,0.154,19,35,0,1,0.204,0.269,0.259,0.527,52,0.055,0.229,0.151,0.564,0.285,0.376
26224,2024,Darell Hernaiz,OAK,22,48,135,120,23,3,0,1,8,12,0.081,0.2,11,27,1,1,0.192,0.261,0.242,0.503,50,0.05,0.234,0.14,0.495,0.366,0.33299999999999996
31349,2024,Victor Scott,STL,23,53,155,145,26,9,0,2,14,10,0.039,0.271,6,42,5,1,0.179,0.219,0.283,0.502,40,0.103,0.233,0.162,0.434,0.40399999999999997,0.33299999999999996
26420,2024,Kyren Paris,LAA,22,21,59,51,6,2,0,1,4,5,0.11900000000000001,0.28800000000000003,7,17,1,0,0.118,0.224,0.216,0.44,28,0.098,0.152,0.147,0.529,0.324,0.34299999999999997
5297,2024,Aaron Hicks,LAA,34,18,63,57,8,0,0,1,6,5,0.095,0.365,6,23,0,0,0.14,0.222,0.193,0.415,20,0.053,0.212,0.147,0.588,0.265,0.353
25867,2024,Ryan Kreidler,DET,26,35,65,59,7,0,0,1,9,2,0.092,0.292,6,19,5,3,0.119,0.2,0.169,0.369,9,0.051,0.154,0.158,0.447,0.395,0.225
19824,2024,Chuckie Robinson,CHW,29,26,76,70,9,0,0,0,2,0,0.066,0.263,5,20,0,0,0.129,0.197,0.129,0.326,-5,0.0,0.18,0.12,0.6,0.28,0.22
21853,2024,Will Benson,CIN,26,128,388,343,64,19,2,14,41,43,0.10300000000000001,0.397,40,154,16,7,0.187,0.274,0.376,0.65,75,0.19,0.282,0.195,0.363,0.442,0.401
21716,2024,Enmanuel Valdez,BOS,25,76,223,201,43,12,0,6,23,28,0.076,0.23800000000000002,17,53,1,1,0.214,0.27,0.363,0.633,72,0.149,0.253,0.185,0.33799999999999997,0.47700000000000004,0.418
14274,2024,Mitch Haniger,SEA,33,121,423,380,79,12,0,12,42,44,0.095,0.298,40,126,0,0,0.208,0.286,0.334,0.62,85,0.126,0.276,0.212,0.424,0.365,0.45899999999999996
27475,2024,Jordan Walker,STL,22,51,178,164,33,10,1,5,16,20,0.055999999999999994,0.281,10,50,1,0,0.201,0.253,0.366,0.619,72,0.165,0.252,0.069,0.509,0.42200000000000004,0.431
5254,2024,Robbie Grossman,- - -,34,87,245,208,44,8,0,3,21,16,0.139,0.237,34,58,3,0,0.212,0.322,0.293,0.616,82,0.082,0.275,0.237,0.434,0.32899999999999996,0.276
14387,2024,Harold Ramirez,- - -,29,73,246,238,62,7,1,2,28,29,0.02,0.203,5,50,6,2,0.261,0.28,0.324,0.604,72,0.063,0.321,0.16899999999999998,0.63,0.201,0.33899999999999997
26151,2024,Kyle Stowers,- - -,26,69,209,192,40,11,2,3,15,24,0.062,0.354,13,74,0,1,0.208,0.268,0.333,0.601,67,0.125,0.319,0.17600000000000002,0.496,0.32799999999999996,0.513
21270,2024,Sean Bouchard,COL,28,31,108,91,17,7,0,1,14,8,0.111,0.306,12,33,4,0,0.187,0.29,0.297,0.586,56,0.11,0.271,0.15,0.483,0.36700000000000005,0.344
20311,2024,Corey Julks,CHW,28,66,189,173,37,7,0,3,17,14,0.079,0.265,15,50,5,2,0.214,0.275,0.306,0.581,66,0.092,0.281,0.19399999999999998,0.387,0.419,0.282
15223,2024,Adam Frazier,KCR,32,104,294,262,53,10,1,4,35,22,0.075,0.201,22,59,3,0,0.202,0.282,0.294,0.576,63,0.092,0.246,0.254,0.38299999999999995,0.363,0.228
23312,2024,Ryan Noda,OAK,28,36,111,95,13,4,0,1,8,4,0.126,0.33299999999999996,14,37,0,0,0.137,0.255,0.211,0.465,44,0.074,0.211,0.193,0.439,0.368,0.33899999999999997
22277,2024,Nick Allen,OAK,25,41,105,97,17,4,0,1,6,4,0.048,0.19,5,20,0,0,0.175,0.216,0.247,0.463,33,0.072,0.211,0.162,0.5539999999999999,0.284,0.163
15585,2024,Mike Ford,CIN,31,17,62,60,9,0,1,1,2,4,0.032,0.242,2,15,0,0,0.15,0.177,0.233,0.411,5,0.083,0.182,0.133,0.444,0.42200000000000004,0.33299999999999996
19514,2024,Andrew Knizner,TEX,29,37,93,90,15,1,0,1,5,9,0.011000000000000001,0.237,1,22,0,0,0.167,0.183,0.211,0.394,6,0.044,0.206,0.261,0.435,0.304,0.348
5827,2024,Wilmer Flores,SFG,32,71,242,214,44,12,0,4,19,26,0.083,0.136,20,33,0,0,0.206,0.277,0.318,0.595,68,0.112,0.22,0.21,0.32799999999999996,0.462,0.27399999999999997
25616,2024,Marco Luciano,SFG,22,27,81,76,16,5,1,0,10,3,0.062,0.34600000000000003,5,28,0,1,0.211,0.259,0.303,0.562,59,0.092,0.333,0.25,0.354,0.396,0.45799999999999996
20521,2024,Nick Madrigal,CHC,27,51,94,86,19,3,0,0,5,10,0.043,0.106,4,10,1,0,0.221,0.28,0.256,0.535,57,0.035,0.25,0.184,0.605,0.21100000000000002,0.182
13355,2024,Luke Maile,CIN,33,55,154,135,24,4,0,2,8,8,0.084,0.33799999999999997,13,52,2,0,0.178,0.268,0.252,0.52,45,0.074,0.268,0.253,0.42200000000000004,0.325,0.247
12979,2024,Javier Baez,DET,31,80,289,272,50,12,0,6,25,37,0.042,0.239,12,69,8,1,0.184,0.221,0.294,0.516,43,0.11,0.22,0.184,0.466,0.35,0.39799999999999996
30011,2024,Christian Encarnacion-Strand,CIN,24,29,123,116,22,6,0,2,13,16,0.033,0.285,4,35,0,0,0.19,0.22,0.293,0.513,33,0.103,0.247,0.18100000000000002,0.48200000000000004,0.337,0.373
26031,2024,Vaughn Grissom,BOS,23,31,114,105,20,3,0,0,10,6,0.061,0.21100000000000002,7,24,2,0,0.19,0.246,0.219,0.465,28,0.029,0.244,0.244,0.46299999999999997,0.293,0.32899999999999996
23818,2024,Ji Hwan Bae,PIT,24,29,81,74,14,2,0,0,11,6,0.07400000000000001,0.29600000000000004,6,24,6,2,0.189,0.247,0.216,0.463,30,0.027,0.275,0.149,0.574,0.27699999999999997,0.373
29617,2024,Henry Davis,PIT,24,37,122,104,15,4,0,1,9,5,0.107,0.369,13,45,0,0,0.144,0.242,0.212,0.453,30,0.067,0.233,0.16399999999999998,0.39299999999999996,0.44299999999999995,0.349
16357,2024,Pablo Reyes,- - -,30,22,64,60,11,2,0,0,5,5,0.047,0.297,3,19,1,2,0.183,0.234,0.217,0.451,23,0.033,0.268,0.146,0.46299999999999997,0.39,0.317
21746,2024,Jose Fermin,STL,25,45,79,71,11,1,1,0,7,4,0.08900000000000001,0.139,7,11,2,1,0.155,0.241,0.197,0.438,30,0.042,0.183,0.11900000000000001,0.61,0.271,0.25
19966,2024,Bobby Dalbec,BOS,29,37,93,83,11,2,0,1,6,8,0.086,0.462,8,43,3,0,0.133,0.217,0.193,0.41,14,0.06,0.256,0.15,0.425,0.425,0.366
25817,2024,Braden Shewmake,CHW,26,29,67,64,8,2,0,1,4,4,0.015,0.149,1,10,5,1,0.125,0.134,0.203,0.337,-15,0.078,0.127,0.091,0.473,0.436,0.268
20056,2024,Alan Trejo,COL,28,28,67,63,9,0,0,0,4,1,0.03,0.22399999999999998,2,15,0,0,0.143,0.182,0.143,0.325,-21,0.0,0.188,0.152,0.478,0.37,0.245
20529,2024,Nolan Jones,COL,26,79,297,256,58,13,1,3,28,28,0.121,0.306,36,91,5,4,0.227,0.321,0.32,0.641,70,0.094,0.333,0.20199999999999999,0.524,0.27399999999999997,0.444
16337,2024,Nick Gordon,MIA,28,95,275,260,59,11,1,8,29,32,0.04,0.244,11,67,5,5,0.227,0.258,0.369,0.627,69,0.142,0.271,0.209,0.505,0.28600000000000003,0.29600000000000004
15429,2024,Kris Bryant,COL,32,37,155,133,29,5,0,2,9,15,0.084,0.31,13,48,0,0,0.218,0.323,0.301,0.623,70,0.083,0.321,0.244,0.37200000000000005,0.384,0.302
26467,2024,Luis Matos,SFG,22,45,156,150,32,5,0,5,14,25,0.032,0.154,5,24,0,0,0.213,0.237,0.347,0.584,60,0.133,0.221,0.165,0.386,0.449,0.37
26149,2024,Dominic Fletcher,CHW,26,72,241,223,46,8,0,1,14,17,0.046,0.24100000000000002,11,58,0,0,0.206,0.252,0.256,0.508,43,0.049,0.273,0.22399999999999998,0.442,0.33299999999999996,0.266
31567,2024,Trey Lipscomb,WSN,24,61,211,190,38,3,0,1,20,10,0.076,0.19,16,40,11,2,0.2,0.268,0.232,0.5,45,0.032,0.247,0.152,0.623,0.225,0.314
17982,2024,Ty France,- - -,29,140,535,479,112,24,0,13,46,51,0.071,0.213,38,114,1,1,0.234,0.305,0.365,0.67,93,0.132,0.277,0.18100000000000002,0.457,0.36200000000000004,0.397
19901,2024,Gavin Sheets,CHW,28,139,501,451,105,24,1,10,35,45,0.086,0.212,43,106,2,2,0.233,0.303,0.357,0.66,88,0.124,0.281,0.218,0.368,0.414,0.35100000000000003
17484,2024,Eloy Jimenez,- - -,27,98,349,324,77,14,0,6,25,23,0.063,0.201,22,70,3,0,0.238,0.289,0.336,0.626,78,0.099,0.285,0.153,0.561,0.28600000000000003,0.49
19698,2024,Edward Olivares,PIT,28,55,196,174,39,4,0,5,22,23,0.08199999999999999,0.18899999999999997,16,37,1,0,0.224,0.291,0.333,0.624,73,0.109,0.25,0.177,0.496,0.326,0.355
21897,2024,Christopher Morel,- - -,25,152,611,535,105,11,3,21,56,60,0.1,0.26,61,159,8,7,0.196,0.288,0.346,0.634,82,0.15,0.233,0.14400000000000002,0.45399999999999996,0.402,0.40399999999999997
14366,2024,Joey Meneses,WSN,32,76,313,281,65,11,0,3,19,42,0.067,0.201,21,63,2,0,0.231,0.291,0.302,0.593,68,0.071,0.281,0.161,0.496,0.344,0.39299999999999996
10950,2024,Adam Duvall,ATL,35,104,330,303,55,10,0,11,29,30,0.064,0.3,21,99,0,0,0.182,0.245,0.323,0.569,58,0.142,0.227,0.18,0.312,0.507,0.366
20126,2024,Dylan Carlson,- - -,25,96,265,235,49,7,0,3,19,25,0.083,0.28300000000000003,22,75,2,1,0.209,0.287,0.277,0.563,67,0.068,0.288,0.205,0.41,0.385,0.258
31431,2024,Jordan Beck,COL,23,55,184,170,32,6,0,3,14,13,0.065,0.353,12,65,7,1,0.188,0.245,0.276,0.521,32,0.088,0.282,0.20800000000000002,0.462,0.33,0.321
20178,2024,Miguel Vargas,- - -,24,72,237,206,31,7,0,5,22,16,0.105,0.24100000000000002,25,57,3,1,0.15,0.249,0.257,0.506,46,0.107,0.177,0.171,0.322,0.507,0.263
13338,2024,Omar Narvaez,NYM,32,28,69,65,10,2,0,0,4,5,0.043,0.174,3,12,0,0,0.154,0.191,0.185,0.376,8,0.031,0.189,0.154,0.34600000000000003,0.5,0.222
22244,2024,Jack Suwinski,PIT,25,88,277,247,45,8,0,9,29,26,0.09699999999999999,0.285,27,79,9,1,0.182,0.264,0.324,0.588,62,0.142,0.225,0.179,0.46399999999999997,0.35700000000000004,0.382
19600,2024,Bryan De La Cruz,- - -,27,149,622,584,136,25,0,21,61,68,0.047,0.273,29,170,5,2,0.233,0.271,0.384,0.654,77,0.151,0.289,0.22,0.41100000000000003,0.37,0.41
29715,2024,Hunter Goodman,COL,24,70,224,211,40,9,0,13,24,36,0.036000000000000004,0.28600000000000003,8,64,1,1,0.19,0.228,0.417,0.645,61,0.227,0.199,0.154,0.389,0.456,0.396
9627,2024,Yan Gomes,CHC,36,34,96,91,14,2,0,2,7,7,0.021,0.375,2,36,0,0,0.154,0.179,0.242,0.421,16,0.088,0.222,0.23199999999999998,0.33899999999999997,0.429,0.42100000000000004
15172,2024,Tim Anderson,MIA,31,65,241,234,50,3,0,0,16,9,0.028999999999999998,0.282,7,68,4,4,0.214,0.237,0.226,0.463,27,0.013,0.301,0.22399999999999998,0.624,0.152,0.301
26517,2024,Noelvi Marte,CIN,22,66,242,229,48,9,0,4,24,18,0.037000000000000005,0.31,9,75,9,3,0.21,0.248,0.301,0.549,46,0.092,0.291,0.2,0.452,0.348,0.355
6887,2024,Martin Maldonado,CHW,37,48,147,135,16,3,0,4,9,11,0.054000000000000006,0.34700000000000003,8,51,0,0,0.119,0.174,0.23,0.403,11,0.111,0.15,0.131,0.369,0.5,0.35600000000000004
15676,2024,Jose Abreu,HOU,37,35,120,113,14,2,0,2,10,7,0.033,0.233,4,28,0,0,0.124,0.167,0.195,0.361,0,0.071,0.143,0.14,0.535,0.326,0.326
20543,2024,Elehuris Montero,COL,25,67,247,224,46,10,0,4,23,28,0.081,0.22699999999999998,20,56,0,0,0.205,0.267,0.304,0.571,48,0.098,0.251,0.152,0.374,0.474,0.415
12155,2024,Eddie Rosario,- - -,32,91,319,297,52,12,0,10,33,35,0.05,0.24100000000000002,16,77,9,1,0.175,0.215,0.316,0.531,45,0.141,0.196,0.19699999999999998,0.395,0.408,0.425
11615,2024,Brandon Drury,LAA,31,97,360,325,55,7,0,4,28,15,0.075,0.225,27,81,1,0,0.169,0.242,0.228,0.469,34,0.058,0.21,0.154,0.5710000000000001,0.275,0.35200000000000004
